YYMMMDD,u0(m),____up(m),sig_u(m)
10-Jul-09,892,0.881101,0.002135
10-Jul-10,892,0.884229,0.002014
10-Jul-11,892,0.881839,0.002029
10-Jul-12,892,0.892342,0.002052
10-Jul-13,892,0.894043,0.002052
10-Jul-14,892,0.896411,0.001996
10-Jul-15,892,0.887274,0.001982
10-Jul-16,892,0.889072,0.001999
10-Jul-17,892,0.882071,0.002053
10-Jul-18,892,0.885756,0.002034
10-Jul-19,892,0.887721,0.002021
10-Jul-20,892,0.887986,0.002008
10-Jul-21,892,0.879484,0.002015
10-Jul-22,892,0.880264,0.002006
10-Jul-23,892,0.885624,0.001982
10-Jul-24,892,0.882938,0.001984
10-Jul-25,892,0.88884,0.001998
10-Jul-26,892,0.883021,0.002014
10-Jul-27,892,0.894751,0.001964
10-Jul-28,892,0.886701,0.001967
10-Jul-29,892,0.883401,0.002023
10-Jul-30,892,0.871128,0.002024
10-Jul-31,892,0.872533,0.001993
10-Aug-01,892,0.867997,0.001987
10-Aug-02,892,0.889392,0.001991
10-Aug-03,892,0.884227,0.002088
10-Aug-04,892,0.876793,0.00209
10-Aug-05,892,0.884027,0.002082
10-Aug-06,892,0.895318,0.001983
10-Aug-07,892,0.890888,0.00198
10-Aug-08,892,0.866011,0.001937
10-Aug-09,892,0.877344,0.001972
10-Aug-10,892,0.883914,0.002021
10-Aug-11,892,0.884632,0.001973
10-Aug-12,892,0.881064,0.001989
10-Aug-13,892,0.880892,0.001977
10-Aug-14,892,0.880652,0.00197
10-Aug-15,892,0.88674,0.002023
10-Aug-16,892,0.885346,0.002025
10-Aug-17,892,0.891511,0.002037
10-Aug-18,892,0.883093,0.001963
10-Aug-19,892,0.873502,0.002073
10-Aug-20,892,0.887766,0.002027
10-Aug-21,892,0.88719,0.001976
10-Aug-22,892,0.873234,0.002003
10-Aug-23,892,0.880973,0.00198
10-Aug-24,892,0.877709,0.00202
10-Aug-25,892,0.886543,0.002005
10-Aug-26,892,0.891071,0.002038
10-Aug-27,892,0.890666,0.002172
10-Aug-28,892,0.88848,0.001985
10-Aug-29,892,0.881809,0.001964
10-Aug-30,892,0.883734,0.002011
10-Aug-31,892,0.875224,0.001989
10-Sep-01,892,0.886645,0.001969
10-Sep-02,892,0.893547,0.001957
10-Sep-03,892,0.885364,0.002026
10-Sep-04,892,0.878385,0.001997
10-Sep-05,892,0.872267,0.00197
10-Sep-06,892,0.880964,0.001981
10-Sep-07,892,0.8874,0.00192
10-Sep-08,892,0.885786,0.001974
10-Sep-09,892,0.884554,0.002006
10-Sep-10,892,0.887064,0.001932
10-Sep-11,892,0.882582,0.001989
10-Sep-12,892,0.879593,0.002019
10-Sep-13,892,0.87638,0.001946
10-Sep-14,892,0.890323,0.001999
10-Sep-15,892,0.885147,0.001927
10-Sep-16,892,0.882967,0.001928
10-Sep-17,892,0.871111,0.001935
10-Sep-18,892,0.893162,0.001924
10-Sep-19,892,0.887428,0.001976
10-Sep-20,892,0.879251,0.001988
10-Sep-21,892,0.894261,0.002038
10-Sep-22,892,0.879982,0.002034
10-Sep-23,892,0.883525,0.001964
10-Sep-24,892,0.890729,0.001977
10-Sep-25,892,0.892056,0.00197
10-Sep-26,892,0.89189,0.001957
10-Sep-27,892,0.887706,0.002002
10-Sep-28,892,0.880584,0.001981
10-Sep-29,892,0.899285,0.002063
10-Sep-30,892,0.894574,0.002006
10-Oct-01,892,0.89929,0.001997
10-Oct-02,892,0.890645,0.001958
10-Oct-03,892,0.891352,0.001997
10-Oct-04,892,0.892937,0.002029
10-Oct-05,892,0.898894,0.001968
10-Oct-06,892,0.901669,0.001932
10-Oct-07,892,0.893903,0.001927
10-Oct-08,892,0.899367,0.001944
10-Oct-09,892,0.887343,0.001968
10-Oct-10,892,0.893796,0.001932
10-Oct-11,892,0.871916,0.001921
10-Oct-12,892,0.883919,0.001948
10-Oct-13,892,0.895392,0.001916
10-Oct-14,892,0.890111,0.001983
10-Oct-15,892,0.886043,0.001994
10-Oct-16,892,0.89357,0.001897
10-Oct-17,892,0.88845,0.001918
10-Oct-18,892,0.888513,0.001939
10-Oct-19,892,0.886771,0.00195
10-Oct-20,892,0.899745,0.001949
10-Oct-21,892,0.890885,0.001948
10-Oct-22,892,0.886855,0.001917
10-Oct-23,892,0.8935,0.00191
10-Oct-24,892,0.899582,0.00194
10-Oct-25,892,0.892399,0.001994
10-Oct-26,892,0.893798,0.001939
10-Oct-27,892,0.884555,0.001968
10-Oct-28,892,0.88399,0.002002
10-Oct-29,892,0.89119,0.001946
10-Oct-30,892,0.887365,0.002022
10-Oct-31,892,0.891354,0.002013
10-Nov-01,892,0.893387,0.001982
10-Nov-02,892,0.883422,0.001947
10-Nov-03,892,0.897405,0.001937
10-Nov-04,892,0.880134,0.001928
10-Nov-05,892,0.885189,0.001946
10-Nov-06,892,0.894163,0.001996
10-Nov-07,892,0.890702,0.001939
10-Nov-08,892,0.886978,0.001933
10-Nov-09,892,0.893576,0.001935
10-Nov-10,892,0.89524,0.001896
10-Nov-11,892,0.899045,0.001908
10-Nov-12,892,0.890474,0.001918
10-Nov-13,892,0.899142,0.001891
10-Nov-14,892,0.895124,0.001919
10-Nov-15,892,0.915684,0.001954
10-Nov-16,892,0.881034,0.001955
10-Nov-17,892,0.905155,0.001956
10-Nov-18,892,0.899301,0.001893
10-Nov-19,892,0.898711,0.001944
10-Nov-20,892,0.910795,0.001907
10-Nov-21,892,0.90099,0.001986
10-Nov-22,892,0.896213,0.002022
10-Nov-23,892,0.905913,0.001911
10-Nov-24,892,0.891606,0.001886
10-Nov-25,892,0.889181,0.001921
10-Nov-26,892,0.892521,0.001962
10-Nov-27,892,0.88865,0.001939
10-Nov-28,892,0.901106,0.001925
10-Nov-29,892,0.904284,0.001896
10-Nov-30,892,0.897175,0.001896
10-Dec-01,892,0.90673,0.001887
10-Dec-02,892,0.900942,0.001922
10-Dec-03,892,0.903412,0.001951
10-Dec-04,892,0.895298,0.001942
10-Dec-05,892,0.900179,0.001873
10-Dec-06,892,0.895327,0.001885
10-Dec-07,892,0.902836,0.00189
10-Dec-08,892,0.900863,0.001929
10-Dec-09,892,0.916836,0.001991
10-Dec-10,892,0.905593,0.001883
10-Dec-11,892,0.900512,0.001934
10-Dec-12,892,0.896193,0.001869
10-Dec-13,892,0.906556,0.001963
10-Dec-14,892,0.904796,0.001961
10-Dec-15,892,0.898816,0.001916
10-Dec-16,892,0.897406,0.001926
10-Dec-17,892,0.903986,0.001968
10-Dec-18,892,0.901955,0.001913
10-Dec-19,892,0.902991,0.001924
10-Dec-20,892,0.906266,0.001921
10-Dec-21,892,0.902823,0.001906
10-Dec-22,892,0.906019,0.001893
10-Dec-23,892,0.908486,0.001927
10-Dec-24,892,0.918597,0.001905
10-Dec-25,892,0.902703,0.001948
10-Dec-26,892,0.911577,0.001926
10-Dec-27,892,0.910704,0.001944
10-Dec-28,892,0.9104,0.001954
10-Dec-29,892,0.905636,0.001976
10-Dec-30,892,0.89593,0.001962
10-Dec-31,892,0.892517,0.001935
11-Jan-01,892,0.896371,0.001957
11-Jan-02,892,0.888333,0.001934
11-Jan-03,892,0.901819,0.001994
11-Jan-04,892,0.897643,0.002049
11-Jan-05,892,0.902078,0.001967
11-Jan-06,892,0.902322,0.001954
11-Jan-07,892,0.911112,0.00193
11-Jan-08,892,0.901983,0.001917
11-Jan-09,892,0.903647,0.001918
11-Jan-10,892,0.907165,0.001986
11-Jan-11,892,0.913032,0.002019
11-Jan-12,892,0.916561,0.002029
11-Jan-13,892,0.902808,0.001984
11-Jan-14,892,0.915255,0.001951
11-Jan-15,892,0.90505,0.001919
11-Jan-16,892,0.903476,0.001922
11-Jan-17,892,0.895964,0.001918
11-Jan-18,892,0.897886,0.001986
11-Jan-19,892,0.906098,0.001943
11-Jan-20,892,0.90686,0.001923
11-Jan-21,892,0.905063,0.001932
11-Jan-22,892,0.907282,0.001914
11-Jan-23,892,0.898486,0.001943
11-Jan-24,892,0.906409,0.00193
11-Jan-25,892,0.9008,0.001903
11-Jan-26,892,0.905164,0.001935
11-Jan-27,892,0.894824,0.001937
11-Jan-28,892,0.900664,0.001931
11-Jan-29,892,0.903689,0.001921
11-Jan-30,892,0.907396,0.001922
11-Jan-31,892,0.912828,0.001943
11-Feb-01,892,0.908054,0.001931
11-Feb-02,892,0.895915,0.001942
11-Feb-03,892,0.890778,0.001906
11-Feb-04,892,0.901591,0.001932
11-Feb-05,892,0.906266,0.001949
11-Feb-06,892,0.916558,0.001928
11-Feb-07,892,0.905215,0.001925
11-Feb-08,892,0.908355,0.001924
11-Feb-09,892,0.906232,0.001934
11-Feb-10,892,0.914946,0.001932
11-Feb-11,892,0.920141,0.001927
11-Feb-12,892,0.91254,0.001909
11-Feb-13,892,0.91588,0.001914
11-Feb-14,892,0.906225,0.001964
11-Feb-15,892,0.915019,0.002015
11-Feb-16,892,0.915677,0.001975
11-Feb-17,892,0.91297,0.001945
11-Feb-18,892,0.906462,0.001912
11-Feb-19,892,0.907716,0.001909
11-Feb-20,892,0.918102,0.00191
11-Feb-21,892,0.909909,0.001906
11-Feb-22,892,0.917457,0.001951
11-Feb-23,892,0.909299,0.001978
11-Feb-24,892,0.90257,0.001923
11-Feb-25,892,0.90981,0.001913
11-Feb-26,892,0.916647,0.001946
11-Feb-27,892,0.906098,0.001912
11-Feb-28,892,0.913064,0.001942
11-Mar-01,892,0.916409,0.001874
11-Mar-02,892,0.914057,0.001883
11-Mar-03,892,0.9199,0.001923
11-Mar-04,892,0.924737,0.001956
11-Mar-05,892,0.924082,0.001986
11-Mar-06,892,0.921771,0.001921
11-Mar-07,892,0.91533,0.001902
11-Mar-08,892,0.933646,0.001918
11-Mar-09,892,0.913956,0.001981
11-Mar-10,892,0.912449,0.001981
11-Mar-11,892,0.919226,0.001922
11-Mar-12,892,0.92364,0.002154
11-Mar-13,892,0.928526,0.002371
11-Mar-14,892,0.928271,0.001903
11-Mar-15,892,0.922652,0.002364
11-Mar-16,892,0.916694,0.001953
11-Mar-17,892,0.924334,0.001931
11-Mar-18,892,0.927033,0.001902
11-Mar-19,892,0.931724,0.001923
11-Mar-20,892,0.926187,0.001914
11-Mar-21,892,0.922138,0.00198
11-Mar-22,892,0.924336,0.001921
11-Mar-23,892,0.922706,0.001981
11-Mar-24,892,0.927251,0.001997
11-Mar-25,892,0.926055,0.001938
11-Mar-26,892,0.918808,0.001928
11-Mar-27,892,0.939258,0.001917
11-Mar-28,892,0.935996,0.001932
11-Mar-29,892,0.922938,0.002014
11-Mar-30,892,0.933731,0.001899
11-Mar-31,892,0.933957,0.001948
11-Apr-01,892,0.930679,0.001911
11-Apr-02,892,0.926308,0.001912
11-Apr-03,892,0.92008,0.001908
11-Apr-04,892,0.918219,0.001883
11-Apr-05,892,0.930437,0.001956
11-Apr-06,892,0.927425,0.001935
11-Apr-07,892,0.94374,0.001922
11-Apr-08,892,0.937527,0.001915
11-Apr-09,892,0.937343,0.001914
11-Apr-10,892,0.938309,0.002005
11-Apr-11,892,0.933724,0.00203
11-Apr-12,892,0.935674,0.002114
11-Apr-13,892,0.93473,0.001955
11-Apr-14,892,0.931372,0.001924
11-Apr-15,892,0.933575,0.001877
11-Apr-16,892,0.940776,0.00189
11-Apr-17,892,0.940209,0.001903
11-Apr-18,892,0.940458,0.00195
11-Apr-19,892,0.933328,0.001921
11-Apr-20,892,0.935217,0.001907
11-Apr-21,892,0.930398,0.001934
11-Apr-22,892,0.938424,0.001921
11-Apr-23,892,0.938464,0.001914
11-Apr-24,892,0.935633,0.001912
11-Apr-25,892,0.937338,0.001925
11-Apr-26,892,0.941972,0.001921
11-Apr-27,892,0.933113,0.001948
11-Apr-28,892,0.938508,0.001905
11-Apr-29,892,0.939487,0.001957
11-Apr-30,892,0.942244,0.001896
11-May-01,892,0.937034,0.001888
11-May-02,892,0.94953,0.001896
11-May-03,892,0.943498,0.001933
11-May-04,892,0.94348,0.001966
11-May-05,892,0.947048,0.001953
11-May-06,892,0.93925,0.001936
11-May-07,892,0.93799,0.001961
11-May-08,892,0.943069,0.001935
11-May-09,892,0.94036,0.001947
11-May-10,892,0.936468,0.001955
11-May-11,892,0.936456,0.001933
11-May-12,892,0.951663,0.001934
11-May-13,892,0.945291,0.001879
11-May-14,892,0.946304,0.00194
11-May-15,892,0.946277,0.001945
11-May-16,892,0.945057,0.001941
11-May-17,892,0.945714,0.00192
11-May-18,892,0.948303,0.001911
11-May-19,892,0.946888,0.00193
11-May-20,892,0.94737,0.001895
11-May-21,892,0.941561,0.001932
11-May-22,892,0.939835,0.001967
11-May-23,892,0.936425,0.001918
11-May-24,892,0.930395,0.001906
11-May-25,892,0.930202,0.001923
11-May-26,892,0.93306,0.001983
11-May-27,892,0.942507,0.001936
11-May-28,892,0.939388,0.001931
11-May-29,892,0.938239,0.00195
11-May-30,892,0.928377,0.001917
11-May-31,892,0.942315,0.001925
11-Jun-01,892,0.927398,0.001943
11-Jun-02,892,0.92805,0.001954
11-Jun-03,892,0.946094,0.001931
11-Jun-04,892,0.94207,0.001936
11-Jun-05,892,0.941596,0.001927
11-Jun-06,892,0.943687,0.001933
11-Jun-07,892,0.9336,0.00194
11-Jun-08,892,0.940237,0.001925
11-Jun-09,892,0.943891,0.001915
11-Jun-10,892,0.946555,0.002042
11-Jun-11,892,0.9428,0.001904
11-Jun-12,892,0.941447,0.001973
11-Jun-13,892,0.940243,0.001927
11-Jun-14,892,0.934814,0.001913
11-Jun-15,892,0.938666,0.001937
11-Jun-16,892,0.930822,0.001928
11-Jun-17,892,0.938038,0.001927
11-Jun-18,892,0.941242,0.001926
11-Jun-19,892,0.942097,0.001936
11-Jun-20,892,0.934712,0.001979
11-Jun-21,892,0.945804,0.00194
11-Jun-22,892,0.938508,0.001925
11-Jun-23,892,0.950022,0.001946
11-Jun-24,892,0.937351,0.001955
11-Jun-25,892,0.946177,0.001903
11-Jun-26,892,0.946977,0.001927
11-Jun-27,892,0.951092,0.00195
11-Jun-28,892,0.948078,0.001969
11-Jun-29,892,0.941716,0.001948
11-Jun-30,892,0.951561,0.001958
11-Jul-01,892,0.943329,0.001953
11-Jul-02,892,0.935697,0.001955
11-Jul-03,892,0.951292,0.001934
11-Jul-04,892,0.941769,0.001937
11-Jul-05,892,0.931522,0.002015
11-Jul-06,892,0.94343,0.001953
11-Jul-07,892,0.952098,0.001943
11-Jul-08,892,0.934942,0.001939
11-Jul-09,892,0.946581,0.00199
11-Jul-10,892,0.955711,0.002001
11-Jul-11,892,0.947279,0.001957
11-Jul-12,892,0.941752,0.002016
11-Jul-13,892,0.952045,0.001943
11-Jul-14,892,0.948524,0.001967
11-Jul-15,892,0.941166,0.001941
11-Jul-16,892,0.940933,0.00194
11-Jul-17,892,0.942671,0.001907
11-Jul-18,892,0.94681,0.001923
11-Jul-19,892,0.94693,0.001995
11-Jul-20,892,0.94564,0.002002
11-Jul-21,892,0.948165,0.001936
11-Jul-22,892,0.949862,0.001937
11-Jul-23,892,0.947161,0.002016
11-Jul-24,892,0.954401,0.001995
11-Jul-25,892,0.950602,0.001962
11-Jul-26,892,0.957738,0.00193
11-Jul-28,892,0.950416,0.00204
11-Jul-29,892,0.958723,0.001921
11-Jul-30,892,0.950127,0.001971
11-Jul-31,892,0.9516,0.001924
11-Aug-01,892,0.956735,0.001927
11-Aug-02,892,0.953345,0.001931
11-Aug-03,892,0.960272,0.002
11-Aug-04,892,0.969495,0.001941
11-Aug-05,892,0.942613,0.001962
11-Aug-06,892,0.941721,0.001945
11-Aug-07,892,0.948109,0.001945
11-Aug-08,892,0.942479,0.00194
11-Aug-09,892,0.948829,0.002019
11-Aug-10,892,0.943196,0.002021
11-Aug-11,892,0.953891,0.002096
11-Aug-12,892,0.950668,0.002089
11-Aug-13,892,0.95717,0.002042
11-Aug-14,892,0.934702,0.001959
11-Aug-15,892,0.937783,0.001972
11-Aug-16,892,0.945663,0.001964
11-Aug-17,892,0.952602,0.002106
11-Aug-18,892,0.94536,0.002009
11-Aug-19,892,0.946661,0.001998
11-Aug-20,892,0.94143,0.001992
11-Aug-21,892,0.961587,0.002023
11-Aug-22,892,0.950423,0.00195
11-Aug-23,892,0.946782,0.002002
11-Aug-24,892,0.945353,0.002092
11-Aug-25,892,0.950872,0.002041
11-Aug-26,892,0.948408,0.002042
11-Aug-27,892,0.952861,0.00201
11-Aug-28,892,0.950268,0.002021
11-Aug-29,892,0.94612,0.002017
11-Aug-30,892,0.948271,0.002107
11-Aug-31,892,0.937592,0.002135
11-Sep-01,892,0.952993,0.002041
11-Sep-02,892,0.946061,0.002
11-Sep-03,892,0.951563,0.001977
11-Sep-04,892,0.961016,0.001976
11-Sep-05,892,0.955474,0.002089
11-Sep-06,892,0.953389,0.002034
11-Sep-07,892,0.960235,0.002056
11-Sep-08,892,0.953239,0.001999
11-Sep-09,892,0.945092,0.002014
11-Sep-10,892,0.952289,0.001959
11-Sep-11,892,0.946728,0.001985
11-Sep-12,892,0.95125,0.001996
11-Sep-13,892,0.959799,0.002003
11-Sep-14,892,0.963687,0.001998
11-Sep-15,892,0.95575,0.002103
11-Sep-16,892,0.966518,0.002046
11-Sep-17,892,0.95938,0.002019
11-Sep-18,892,0.962908,0.002089
11-Sep-19,892,0.96124,0.002075
11-Sep-20,892,0.951381,0.00216
11-Sep-21,892,0.968978,0.002027
11-Sep-22,892,0.957713,0.002049
11-Sep-23,892,0.957052,0.002063
11-Sep-24,892,0.960975,0.002031
11-Sep-25,892,0.954347,0.002069
11-Sep-26,892,0.957963,0.002053
11-Sep-27,892,0.95398,0.002035
11-Sep-28,892,0.971586,0.002012
11-Sep-29,892,0.954466,0.002011
11-Sep-30,892,0.956846,0.002027
11-Oct-01,892,0.959626,0.002068
11-Oct-02,892,0.956138,0.00216
11-Oct-03,892,0.964967,0.002071
11-Oct-04,892,0.958789,0.002058
11-Oct-05,892,0.955223,0.001997
11-Oct-06,892,0.964428,0.002075
11-Oct-07,892,0.956499,0.002008
11-Oct-08,892,0.947907,0.002012
11-Oct-09,892,0.944605,0.002024
11-Oct-10,892,0.948966,0.001996
11-Oct-11,892,0.945679,0.002008
11-Oct-12,892,0.959607,0.002015
11-Oct-13,892,0.964404,0.002008
11-Oct-14,892,0.954003,0.002055
11-Oct-15,892,0.961352,0.002033
11-Oct-16,892,0.962047,0.001947
11-Oct-17,892,0.964004,0.001995
11-Oct-18,892,0.958606,0.001986
11-Oct-19,892,0.96325,0.001998
11-Oct-20,892,0.96141,0.001959
11-Oct-21,892,0.976005,0.001983
11-Oct-22,892,0.963927,0.002
11-Oct-23,892,0.960177,0.002053
11-Oct-24,892,0.968072,0.001947
11-Oct-25,892,0.971351,0.001933
11-Oct-26,892,0.977502,0.001947
11-Oct-27,892,0.976854,0.001991
11-Oct-28,892,0.967371,0.001997
11-Oct-29,892,0.959004,0.002009
11-Oct-30,892,0.972098,0.001994
11-Oct-31,892,0.966068,0.001982
11-Nov-01,892,0.980825,0.002125
11-Nov-02,892,0.9651,0.002026
11-Nov-03,892,0.978383,0.00201
11-Nov-04,892,0.962244,0.001968
11-Nov-05,892,0.963063,0.001961
11-Nov-06,892,0.965385,0.001998
11-Nov-07,892,0.968901,0.002015
11-Nov-08,892,0.953365,0.001973
11-Nov-09,892,0.966346,0.002013
11-Nov-10,892,0.971008,0.00211
11-Nov-11,892,0.967087,0.002035
11-Nov-12,892,0.955509,0.002018
11-Nov-13,892,0.955651,0.001972
11-Nov-14,892,0.963833,0.001943
11-Nov-15,892,0.958286,0.001947
11-Nov-16,892,0.967,0.002006
11-Nov-17,892,0.967023,0.002012
11-Nov-18,892,0.971039,0.001949
11-Nov-19,892,0.965831,0.00199
11-Nov-20,892,0.980774,0.002001
11-Nov-21,892,0.975306,0.001979
11-Nov-22,892,0.965913,0.002048
11-Nov-23,892,0.962392,0.002
11-Nov-24,892,0.966743,0.001907
11-Nov-25,892,0.976176,0.001958
11-Nov-26,892,0.967418,0.00193
11-Nov-27,892,0.953396,0.001981
11-Nov-28,892,0.965698,0.001945
11-Nov-29,892,0.967892,0.001931
11-Nov-30,892,0.9747,0.001952
11-Dec-01,892,0.975457,0.001943
11-Dec-02,892,0.970036,0.002006
11-Dec-03,892,0.96963,0.002034
11-Dec-04,892,0.96631,0.00197
11-Dec-05,892,0.967731,0.002006
11-Dec-06,892,0.965225,0.001966
11-Dec-07,892,0.964992,0.001992
11-Dec-08,892,0.96681,0.001946
11-Dec-09,892,0.961181,0.00197
11-Dec-10,892,0.958093,0.001962
11-Dec-11,892,0.966557,0.002057
11-Dec-12,892,0.962916,0.001971
11-Dec-13,892,0.981711,0.001967
11-Dec-14,892,0.970981,0.001965
11-Dec-15,892,0.973761,0.002028
11-Dec-16,892,0.969954,0.002061
11-Dec-17,892,0.961125,0.001903
11-Dec-18,892,0.966291,0.00199
11-Dec-19,892,0.966476,0.001954
11-Dec-20,892,0.970643,0.00209
11-Dec-21,892,0.959359,0.001908
11-Dec-22,892,0.964446,0.002017
11-Dec-23,892,0.958684,0.00198
11-Dec-24,892,0.964474,0.001949
11-Dec-25,892,0.965444,0.002021
11-Dec-26,892,0.954154,0.001977
11-Dec-27,892,0.957693,0.002111
11-Dec-28,892,0.959972,0.002009
11-Dec-29,892,0.969933,0.001967
11-Dec-30,892,0.961124,0.001964
11-Dec-31,892,0.969792,0.001965
12-Jan-01,892,0.967461,0.00292
12-Jan-02,892,0.965734,0.001966
12-Jan-03,892,0.971144,0.001919
12-Jan-04,892,0.961188,0.00194
12-Jan-05,892,0.961613,0.001926
12-Jan-06,892,0.969016,0.001915
12-Jan-07,892,0.957783,0.0019
12-Jan-08,892,0.963031,0.001973
12-Jan-09,892,0.968847,0.001884
12-Jan-10,892,0.974179,0.001879
12-Jan-11,892,0.968452,0.001922
12-Jan-12,892,0.96546,0.002044
12-Jan-13,892,0.972147,0.00198
12-Jan-14,892,0.960678,0.001936
12-Jan-15,892,0.967957,0.00196
12-Jan-16,892,1.015535,0.002148
12-Jan-17,892,0.971092,0.001981
12-Jan-18,892,0.968904,0.002073
12-Jan-19,892,0.970873,0.00198
12-Jan-20,892,0.972028,0.002221
12-Jan-21,892,0.962992,0.001951
12-Jan-22,892,0.967584,0.001979
12-Jan-23,892,0.969719,0.001984
12-Jan-24,892,0.980003,0.002167
12-Jan-25,892,0.981293,0.0019
12-Jan-26,892,0.978623,0.002033
12-Jan-27,892,0.983729,0.001916
12-Jan-28,892,0.96385,0.001905
12-Jan-29,892,0.963534,0.001956
12-Jan-30,892,0.963857,0.001924
12-Jan-31,892,0.964715,0.001925
12-Feb-01,892,0.972303,0.001933
12-Feb-02,892,0.968148,0.001904
12-Feb-03,892,0.965272,0.001955
12-Feb-04,892,0.974891,0.001908
12-Feb-05,892,0.985981,0.001931
12-Feb-06,892,0.985423,0.001908
12-Feb-07,892,0.976822,0.001951
12-Feb-08,892,0.977365,0.001927
12-Feb-09,892,0.974828,0.002035
12-Feb-10,892,0.975567,0.002055
12-Feb-11,892,0.974051,0.002002
12-Feb-12,892,0.984108,0.001986
12-Feb-13,892,0.973244,0.002024
12-Feb-14,892,0.971862,0.002147
12-Feb-15,892,0.978351,0.002117
12-Feb-16,892,0.973188,0.002017
12-Feb-17,892,0.96606,0.002021
12-Feb-18,892,0.964662,0.002027
12-Feb-19,892,0.982786,0.002055
12-Feb-20,892,0.969275,0.00205
12-Feb-21,892,0.973796,0.002233
12-Feb-22,892,0.975215,0.002252
12-Feb-23,892,0.962527,0.002147
12-Feb-24,892,0.979197,0.001988
12-Feb-25,892,0.982272,0.002177
12-Feb-26,892,0.991738,0.002239
12-Feb-27,892,0.975016,0.00216
12-Feb-28,892,0.975231,0.002029
12-Feb-29,892,0.985654,0.002096
12-Mar-01,892,0.972846,0.001998
12-Mar-02,892,0.979517,0.002128
12-Mar-03,892,1.000417,0.002089
12-Mar-04,892,0.980818,0.002282
12-Mar-05,892,0.976968,0.002059
12-Mar-06,892,0.978229,0.001961
12-Mar-07,892,0.977991,0.001988
12-Mar-08,892,0.979712,0.001888
12-Mar-09,892,0.968578,0.002096
12-Mar-10,892,0.979599,0.001883
12-Mar-11,892,0.958738,0.00209
12-Mar-12,892,0.964477,0.001884
12-Mar-13,892,0.964791,0.001887
12-Mar-14,892,0.956153,0.001985
12-Mar-15,892,0.974716,0.001927
12-Mar-16,892,0.971634,0.001893
12-Mar-17,892,0.978727,0.001895
12-Mar-18,892,0.971946,0.001944
12-Mar-19,892,0.975921,0.001929
12-Mar-20,892,0.984512,0.001891
12-Mar-21,892,0.975137,0.001921
12-Mar-22,892,0.983851,0.001882
12-Mar-23,892,0.98692,0.001893
12-Mar-24,892,0.982289,0.001924
12-Mar-25,892,0.991769,0.001896
12-Mar-26,892,0.98704,0.00192
12-Mar-27,892,0.979658,0.00188
12-Mar-28,892,0.981555,0.001872
12-Mar-29,892,0.976567,0.001916
12-Mar-30,892,0.990287,0.001903
12-Mar-31,892,0.987515,0.00192
12-Apr-01,892,0.983691,0.001932
12-Apr-02,892,0.973707,0.00188
12-Apr-03,892,0.976762,0.001958
12-Apr-04,892,0.985968,0.001907
12-Apr-05,892,0.984825,0.00193
12-Apr-06,892,0.986482,0.001901
12-Apr-07,892,0.979046,0.001882
12-Apr-08,892,0.982999,0.001869
12-Apr-09,892,0.991077,0.001903
12-Apr-10,892,0.987071,0.001914
12-Apr-11,892,0.986828,0.00199
12-Apr-12,892,0.987147,0.002071
12-Apr-13,892,0.978191,0.001997
12-Apr-14,892,0.982958,0.001989
12-Apr-15,892,0.973966,0.001973
12-Apr-16,892,0.978365,0.002055
12-Apr-17,892,0.981369,0.001915
12-Apr-18,892,0.974946,0.002076
12-Apr-19,892,0.982643,0.00199
12-Apr-20,892,0.972019,0.001997
12-Apr-21,892,0.985953,0.001992
12-Apr-22,892,0.952761,0.002023
12-Apr-23,892,0.973831,0.001913
12-Apr-24,892,0.970623,0.001953
12-Apr-25,892,0.972377,0.002032
12-Apr-26,892,0.986976,0.001929
12-Apr-27,892,0.981187,0.001944
12-Apr-28,892,0.980861,0.001935
12-Apr-29,892,0.974975,0.001908
12-Apr-30,892,0.983633,0.001927
12-May-01,892,0.980067,0.002004
12-May-02,892,0.974757,0.001952
12-May-03,892,0.986707,0.001895
12-May-04,892,0.979203,0.002016
12-May-05,892,0.977278,0.001903
12-May-06,892,0.973781,0.001855
12-May-07,892,0.990062,0.001991
12-May-08,892,0.979269,0.00192
12-May-09,892,0.988205,0.001885
12-May-10,892,0.987434,0.001877
12-May-11,892,0.986271,0.00189
12-May-12,892,0.988917,0.001865
12-May-13,892,0.990207,0.001866
12-May-14,892,0.993077,0.001954
12-May-15,892,0.996561,0.001903
12-May-16,892,0.990662,0.001894
12-May-17,892,0.993277,0.001892
12-May-18,892,0.993149,0.001958
12-May-19,892,0.997937,0.00191
12-May-20,892,0.994363,0.001938
12-May-21,892,0.984601,0.001912
12-May-22,892,0.992872,0.001913
12-May-23,892,0.969182,0.001928
12-May-24,892,0.986933,0.001904
12-May-25,892,0.981016,0.00192
12-May-26,892,0.980434,0.001944
12-May-27,892,0.982405,0.001904
12-May-28,892,0.975589,0.001887
12-May-29,892,0.973488,0.001897
12-May-30,892,0.981941,0.001886
12-May-31,892,0.982085,0.001919
12-Jun-01,892,0.971433,0.001903
12-Jun-02,892,0.973446,0.00192
12-Jun-03,892,0.981595,0.00189
12-Jun-04,892,0.976012,0.001877
12-Jun-05,892,0.978323,0.001913
12-Jun-06,892,0.971851,0.001897
12-Jun-07,892,0.986705,0.001887
12-Jun-08,892,0.977306,0.001942
12-Jun-09,892,0.981152,0.001921
12-Jun-10,892,0.981213,0.001963
12-Jun-11,892,0.975217,0.001896
12-Jun-12,892,0.978839,0.001897
12-Jun-13,892,0.985972,0.00191
12-Jun-14,892,0.977762,0.001957
12-Jun-15,892,0.991302,0.001914
12-Jun-16,892,0.983777,0.00197
12-Jun-17,892,0.984187,0.00206
12-Jun-18,892,0.982388,0.001885
12-Jun-19,892,0.966876,0.001937
12-Jun-20,892,0.985977,0.001933
12-Jun-21,892,0.989115,0.001883
12-Jun-22,892,0.979323,0.001863
12-Jun-23,892,0.968666,0.001945
12-Jun-24,892,0.964595,0.001863
12-Jun-25,892,0.969217,0.001879
12-Jun-26,892,0.96774,0.001886
12-Jun-27,892,0.95973,0.00198
12-Jun-28,892,0.98723,0.001935
12-Jun-29,892,0.981611,0.001858
12-Jun-30,892,0.97439,0.001925
12-Jul-01,892,0.973906,0.001904
12-Jul-02,892,0.984799,0.001875
12-Jul-03,892,0.981396,0.00193
12-Jul-04,892,0.977652,0.001886
12-Jul-05,892,0.972954,0.001995
12-Jul-06,892,0.967468,0.00202
12-Jul-07,892,0.978483,0.001874
12-Jul-08,892,0.965281,0.001935
12-Jul-09,892,0.971409,0.001975
12-Jul-10,892,0.970424,0.001908
12-Jul-11,892,0.976583,0.001866
12-Jul-12,892,0.983206,0.00192
12-Jul-13,892,0.978686,0.001866
12-Jul-14,892,0.979504,0.001895
12-Jul-15,892,0.981374,0.002055
12-Jul-16,892,0.973232,0.001974
12-Jul-17,892,0.967353,0.00192
12-Jul-18,892,0.974758,0.001947
12-Jul-19,892,0.968576,0.001876
12-Jul-20,892,0.974702,0.001879
12-Jul-21,892,0.981379,0.001877
12-Jul-22,892,0.976661,0.001884
12-Jul-23,892,0.979776,0.001903
12-Jul-24,892,0.979859,0.001878
12-Jul-25,892,0.974113,0.001873
12-Jul-26,892,0.974702,0.00191
12-Jul-27,892,0.978478,0.001872
12-Jul-28,892,0.977453,0.001878
12-Jul-29,892,0.972156,0.001909
12-Jul-30,892,0.976067,0.001943
12-Jul-31,892,0.978977,0.001918
12-Aug-01,892,0.986279,0.001912
12-Aug-02,892,0.97536,0.001898
12-Aug-03,892,0.974936,0.001922
12-Aug-04,892,0.972141,0.001894
12-Aug-05,892,0.982193,0.001932
12-Aug-06,892,0.976926,0.001915
12-Aug-07,892,0.971899,0.001895
12-Aug-08,892,0.96625,0.001886
12-Aug-09,892,0.976227,0.001887
12-Aug-10,892,0.966847,0.00192
12-Aug-11,892,0.971483,0.001958
12-Aug-12,892,0.976482,0.001889
12-Aug-13,892,0.968663,0.001887
12-Aug-14,892,0.959207,0.001919
12-Aug-15,892,0.965017,0.001918
12-Aug-16,892,0.986966,0.001942
12-Aug-17,892,0.972207,0.001996
12-Aug-18,892,0.978425,0.001893
12-Aug-19,892,0.975627,0.001944
12-Aug-20,892,0.983996,0.00196
12-Aug-21,892,0.978669,0.001924
12-Aug-22,892,0.982931,0.001938
12-Aug-23,892,0.975771,0.001948
12-Aug-24,892,0.970362,0.001857
12-Aug-25,892,0.969906,0.001935
12-Aug-26,892,0.983854,0.002044
12-Aug-27,892,0.982417,0.001949
12-Aug-28,892,0.98288,0.001987
12-Aug-29,892,0.974398,0.002038
12-Aug-30,892,0.993056,0.001967
12-Aug-31,892,0.979912,0.00201
12-Sep-01,892,0.976428,0.001927
12-Sep-02,892,0.980503,0.001973
12-Sep-03,892,0.978028,0.001959
12-Sep-04,892,0.98144,0.001965
12-Sep-05,892,0.987911,0.001938
12-Sep-06,892,0.985318,0.001962
12-Sep-07,892,0.985928,0.001938
12-Sep-08,892,0.980276,0.001927
12-Sep-09,892,0.983125,0.001995
12-Sep-10,892,0.990169,0.001995
12-Sep-11,892,0.973519,0.002104
12-Sep-12,892,0.984568,0.001947
12-Sep-13,892,0.987427,0.001881
12-Sep-14,892,0.981492,0.001934
12-Sep-15,892,0.973183,0.001941
12-Sep-16,892,0.9819,0.001922
12-Sep-17,892,0.976474,0.001912
12-Sep-18,892,0.986249,0.001895
12-Sep-19,892,0.973921,0.001947
12-Sep-20,892,0.981437,0.001893
12-Sep-21,892,0.989003,0.001965
12-Sep-22,892,0.984676,0.001899
12-Sep-23,892,0.975722,0.001934
12-Sep-24,892,0.979634,0.002008
12-Sep-25,892,0.967556,0.002099
12-Sep-26,892,0.971419,0.001954
12-Sep-27,892,0.975512,0.001947
12-Sep-28,892,0.975598,0.00203
12-Sep-29,892,0.985374,0.001944
12-Sep-30,892,0.984431,0.001986
12-Oct-01,892,0.979764,0.001941
12-Oct-02,892,0.989103,0.001935
12-Oct-03,892,0.989211,0.001877
12-Oct-04,892,0.985286,0.001927
12-Oct-05,892,0.989515,0.001896
12-Oct-06,892,0.985153,0.001917
12-Oct-07,892,0.992872,0.001917
12-Oct-08,892,0.982444,0.002106
12-Oct-09,892,0.976907,0.001971
12-Oct-10,892,0.988736,0.00194
12-Oct-11,892,0.994849,0.001913
12-Oct-12,892,0.994536,0.001916
12-Oct-13,892,0.98679,0.002018
12-Oct-14,892,0.989325,0.001946
12-Oct-15,892,0.985508,0.001915
12-Oct-16,892,0.993606,0.00197
12-Oct-17,892,0.9908,0.001915
12-Oct-18,892,0.992034,0.001915
12-Oct-19,892,0.999129,0.001907
12-Oct-20,892,0.992354,0.001996
12-Oct-21,892,0.993183,0.001966
12-Oct-22,892,0.999092,0.001953
12-Oct-23,892,0.996914,0.001976
12-Oct-24,892,1.006868,0.001917
12-Oct-25,892,0.997336,0.001933
12-Oct-26,892,0.993825,0.001979
12-Oct-27,892,0.996422,0.00195
12-Oct-28,892,0.985631,0.001941
12-Oct-29,892,0.997156,0.001914
12-Oct-30,892,0.983505,0.001959
12-Oct-31,892,0.988091,0.001994
12-Nov-01,892,0.993262,0.002014
12-Nov-02,892,0.994623,0.001927
12-Nov-03,892,1.00321,0.001927
12-Nov-04,892,0.986842,0.001954
12-Nov-05,892,0.993167,0.001985
12-Nov-06,892,0.989354,0.001942
12-Nov-07,892,0.985118,0.001944
12-Nov-08,892,1.003304,0.001932
12-Nov-09,892,0.997542,0.001954
12-Nov-10,892,0.994152,0.001965
12-Nov-11,892,1.003177,0.001934
12-Nov-12,892,0.993898,0.001932
12-Nov-13,892,0.986999,0.001985
12-Nov-14,892,0.982764,0.001929
12-Nov-15,892,0.992685,0.001951
12-Nov-16,892,0.984965,0.001949
12-Nov-17,892,0.9917,0.00192
12-Nov-18,892,1.004425,0.001939
12-Nov-19,892,0.995542,0.001925
12-Nov-20,892,1.008318,0.001902
12-Nov-21,892,0.999213,0.001896
12-Nov-22,892,1.012378,0.001879
12-Nov-23,892,0.999691,0.001872
12-Nov-24,892,0.999488,0.00197
12-Nov-25,892,0.99539,0.001882
12-Nov-26,892,1.009849,0.001886
12-Nov-27,892,1.006734,0.001903
12-Nov-28,892,0.995869,0.001927
12-Nov-29,892,0.993986,0.0019
12-Nov-30,892,1.007608,0.001908
12-Dec-01,892,1.011401,0.001879
12-Dec-02,892,1.007984,0.001869
12-Dec-03,892,1.003213,0.001897
12-Dec-04,892,1.002276,0.001887
12-Dec-05,892,1.000693,0.001911
12-Dec-06,892,1.005565,0.002944
12-Dec-08,892,0.995122,0.0027
12-Dec-09,892,0.998417,0.002085
12-Dec-10,892,1.000677,0.00193
12-Dec-11,892,0.99786,0.001906
12-Dec-12,892,0.983335,0.001926
12-Dec-13,892,0.990955,0.001922
12-Dec-14,892,1.005552,0.001925
12-Dec-15,892,1.003664,0.001956
12-Dec-16,892,0.995504,0.001939
12-Dec-17,892,0.992357,0.001955
12-Dec-18,892,0.998222,0.00194
12-Dec-19,892,1.006886,0.00189
12-Dec-20,892,1.009151,0.00202
12-Dec-21,892,1.0046,0.001896
12-Dec-22,892,1.001171,0.001897
12-Dec-23,892,1.00132,0.001916
12-Dec-24,892,1.011528,0.001894
12-Dec-25,892,1.016075,0.001929
12-Dec-26,892,1.011871,0.001878
12-Dec-27,892,1.002885,0.001876
12-Dec-28,892,1.004762,0.001925
12-Dec-29,892,0.997537,0.001914
12-Dec-30,892,0.997609,0.001915
12-Dec-31,892,0.995728,0.001891
13-Jan-01,892,1.005437,0.001901
13-Jan-02,892,1.002839,0.001926
13-Jan-03,892,0.994224,0.001901
13-Jan-04,892,0.995276,0.001947
13-Jan-05,892,1.007465,0.00206
13-Jan-06,892,0.992997,0.002047
13-Jan-07,892,0.998273,0.001876
13-Jan-08,892,1.001247,0.001892
13-Jan-09,892,0.993636,0.001975
13-Jan-10,892,1.007952,0.001987
13-Jan-11,892,1.00656,0.001939
13-Jan-12,892,0.98995,0.001903
13-Jan-13,892,1.012431,0.001904
13-Jan-14,892,1.00426,0.001904
13-Jan-15,892,1.005934,0.001884
13-Jan-16,892,1.004963,0.001914
13-Jan-17,892,0.999578,0.001907
13-Jan-18,892,1.008395,0.001927
13-Jan-19,892,1.008075,0.001945
13-Jan-20,892,1.009485,0.001895
13-Jan-21,892,1.006677,0.001905
13-Jan-22,892,1.003294,0.001883
13-Jan-23,892,1.00936,0.001952
13-Jan-24,892,1.005291,0.001932
13-Jan-25,892,0.994084,0.001869
13-Jan-26,892,1.003924,0.001884
13-Jan-27,892,1.017539,0.001916
13-Jan-28,892,1.010405,0.001897
13-Jan-29,892,1.014879,0.001921
13-Jan-30,892,1.006554,0.001871
13-Jan-31,892,1.013251,0.001857
13-Feb-01,892,1.002267,0.001916
13-Feb-02,892,1.003149,0.001922
13-Feb-03,892,1.007357,0.001912
13-Feb-04,892,1.015715,0.001909
13-Feb-05,892,1.00876,0.002056
13-Feb-06,892,0.999681,0.002008
13-Feb-07,892,0.991005,0.001898
13-Feb-08,892,0.999283,0.00195
13-Feb-09,892,1.010565,0.001911
13-Feb-10,892,1.007852,0.001908
13-Feb-11,892,1.011788,0.001941
13-Feb-12,892,0.992144,0.001919
13-Feb-13,892,0.990849,0.001964
13-Feb-14,892,1.000755,0.001913
13-Feb-15,892,1.002396,0.001916
13-Feb-16,892,1.009684,0.001928
13-Feb-17,892,0.999327,0.001968
13-Feb-18,892,1.002926,0.00194
13-Feb-19,892,0.99557,0.001973
13-Feb-20,892,1.001842,0.001961
13-Feb-21,892,0.999983,0.001997
13-Feb-22,892,1.008173,0.001962
13-Feb-23,892,1.011327,0.001986
13-Feb-24,892,1.018021,0.001865
13-Feb-25,892,1.000076,0.001915
13-Feb-26,892,1.010649,0.001923
13-Feb-27,892,1.012021,0.001913
13-Feb-28,892,1.003871,0.001882
13-Mar-01,892,1.003374,0.001901
13-Mar-02,892,1.002238,0.001915
13-Mar-03,892,1.002821,0.001855
13-Mar-04,892,1.001654,0.001895
13-Mar-05,892,1.003712,0.001906
13-Mar-06,892,1.007489,0.001966
13-Mar-07,892,1.013944,0.001922
13-Mar-08,892,1.00427,0.001885
13-Mar-09,892,1.018322,0.001898
13-Mar-10,892,1.004041,0.001923
13-Mar-11,892,1.017797,0.001893
13-Mar-12,892,1.003459,0.001934
13-Mar-13,892,1.007994,0.001878
13-Mar-14,892,1.01159,0.001886
13-Mar-15,892,1.000806,0.001898
13-Mar-16,892,1.004728,0.001921
13-Mar-17,892,1.019657,0.001903
13-Mar-18,892,1.015157,0.001919
13-Mar-19,892,1.007993,0.001964
13-Mar-20,892,1.009128,0.001915
13-Mar-21,892,1.017564,0.001888
13-Mar-22,892,1.014083,0.001894
13-Mar-23,892,1.018992,0.001886
13-Mar-24,892,1.021815,0.001914
13-Mar-25,892,1.013594,0.001911
13-Mar-26,892,1.01791,0.00192
13-Mar-27,892,1.008214,0.001909
13-Mar-28,892,1.018608,0.001962
13-Mar-29,892,1.017518,0.001957
13-Mar-30,892,1.001657,0.001961
13-Mar-31,892,1.023027,0.001923
13-Apr-01,892,1.014434,0.001983
13-Apr-02,892,1.022304,0.001924
13-Apr-03,892,1.012607,0.001964
13-Apr-04,892,1.01069,0.001991
13-Apr-05,892,1.01323,0.001957
13-Apr-06,892,1.008958,0.00196
13-Apr-07,892,1.006296,0.00193
13-Apr-08,892,1.007126,0.00195
13-Apr-09,892,1.011978,0.001974
13-Apr-10,892,1.013566,0.002042
13-Apr-11,892,1.020678,0.001972
13-Apr-12,892,1.015596,0.002016
13-Apr-13,892,1.01864,0.001956
13-Apr-14,892,1.015029,0.001964
13-Apr-15,892,0.997478,0.001966
13-Apr-16,892,1.01601,0.001976
13-Apr-17,892,1.002527,0.00195
13-Apr-18,892,1.010866,0.001933
13-Apr-19,892,1.014612,0.001944
13-Apr-20,892,1.007037,0.001926
13-Apr-21,892,1.015229,0.001926
13-Apr-22,892,1.010453,0.001893
13-Apr-23,892,1.01274,0.001908
13-Apr-24,892,1.012917,0.001926
13-Apr-25,892,1.012193,0.001919
13-Apr-26,892,1.004943,0.001914
13-Apr-27,892,1.009256,0.001925
13-Apr-28,892,1.016718,0.00191
13-Apr-29,892,1.022572,0.001982
13-Apr-30,892,1.017332,0.001968
13-May-01,892,1.029615,0.001948
13-May-02,892,1.012323,0.001977
13-May-03,892,1.009983,0.001935
13-May-04,892,1.011786,0.001951
13-May-05,892,1.026299,0.001946
13-May-06,892,1.006636,0.001981
13-May-07,892,1.014466,0.001929
13-May-08,892,1.004639,0.001931
13-May-09,892,1.014614,0.001948
13-May-10,892,1.016122,0.002005
13-May-11,892,1.013614,0.001944
13-May-12,892,1.027441,0.001935
13-May-13,892,1.011242,0.001925
13-May-14,892,1.009632,0.001972
13-May-15,892,1.005708,0.002009
13-May-16,892,1.003656,0.001978
13-May-17,892,1.002319,0.002034
13-May-18,892,1.01194,0.001981
13-May-19,892,1.013758,0.00194
13-May-20,892,1.006624,0.001954
13-May-21,892,1.008431,0.001933
13-May-22,892,1.023313,0.001956
13-May-23,892,1.008203,0.001921
13-May-24,892,1.017689,0.001953
13-May-25,892,1.008757,0.00192
13-May-26,892,1.01042,0.001935
13-May-27,892,1.02848,0.001924
13-May-28,892,1.008147,0.001946
13-May-29,892,1.022188,0.001918
13-May-30,892,1.004722,0.001937
13-May-31,892,1.0075,0.001939
13-Jun-01,892,1.011844,0.002149
13-Jun-02,892,1.003019,0.001945
13-Jun-03,892,1.001568,0.001977
13-Jun-04,892,1.007223,0.001925
13-Jun-05,892,0.998125,0.001945
13-Jun-06,892,1.006009,0.002028
13-Jun-07,892,1.003294,0.00208
13-Jun-08,892,1.014402,0.00195
13-Jun-09,892,1.00333,0.001998
13-Jun-10,892,0.992947,0.001911
13-Jun-11,892,0.996134,0.001964
13-Jun-12,892,1.001963,0.001954
13-Jun-13,892,1.009972,0.002001
13-Jun-14,892,1.009312,0.001972
13-Jun-15,892,1.006169,0.001982
13-Jun-16,892,1.008092,0.001952
13-Jun-17,892,1.017765,0.001938
13-Jun-18,892,1.004331,0.001923
13-Jun-19,892,1.014262,0.001925
13-Jun-20,892,1.01356,0.001932
13-Jun-21,892,1.003234,0.001901
13-Jun-22,892,0.993318,0.001982
13-Jun-23,892,1.007967,0.002001
13-Jun-24,892,1.007361,0.001935
13-Jun-25,892,1.007927,0.001925
13-Jun-26,892,0.996613,0.001914
13-Jun-27,892,1.000376,0.001999
13-Jun-28,892,1.010327,0.001924
13-Jun-29,892,1.009102,0.002214
13-Jun-30,892,1.013061,0.00189
13-Jul-01,892,1.004133,0.00189
13-Jul-02,892,1.016187,0.001927
13-Jul-03,892,1.010405,0.001914
13-Jul-04,892,1.011365,0.001921
13-Jul-05,892,1.012425,0.001947
13-Jul-06,892,1.023463,0.002155
13-Jul-07,892,1.015059,0.001929
13-Jul-08,892,1.003069,0.001953
13-Jul-09,892,1.007155,0.002118
13-Jul-10,892,0.99624,0.001944
13-Jul-11,892,0.999925,0.002054
13-Jul-12,892,1.006513,0.002027
13-Jul-13,892,1.013418,0.001934
13-Jul-14,892,1.013416,0.002083
13-Jul-15,892,1.002825,0.002009
13-Jul-16,892,1.00877,0.001897
13-Jul-17,892,1.014829,0.001887
13-Jul-18,892,1.009608,0.001942
13-Jul-19,892,1.014906,0.001929
13-Jul-20,892,1.009073,0.001913
13-Jul-21,892,1.007314,0.001999
13-Jul-22,892,1.010875,0.001995
13-Jul-23,892,1.012348,0.001926
13-Jul-24,892,1.002589,0.001989
13-Jul-25,892,1.010558,0.001967
13-Jul-26,892,1.001591,0.001897
13-Jul-27,892,0.995107,0.001874
13-Jul-28,892,0.995812,0.001901
13-Jul-29,892,1.012873,0.001909
13-Jul-30,892,1.012585,0.001911
13-Jul-31,892,1.013096,0.001903
13-Aug-01,892,0.998226,0.001933
13-Aug-02,892,0.99951,0.001926
13-Aug-03,892,1.006184,0.001909
13-Aug-04,892,1.008078,0.001927
13-Aug-05,892,1.007165,0.001966
13-Aug-06,892,0.99475,0.00191
13-Aug-07,892,1.000816,0.001959
13-Aug-08,892,1.009151,0.00196
13-Aug-09,892,1.005905,0.001911
13-Aug-10,892,1.017441,0.00196
13-Aug-11,892,0.996701,0.001971
13-Aug-12,892,0.999046,0.001904
13-Aug-13,892,1.007187,0.001984
13-Aug-14,892,1.009393,0.00193
13-Aug-15,892,0.999893,0.001942
13-Aug-16,892,0.999453,0.001984
13-Aug-17,892,0.989782,0.001956
13-Aug-18,892,1.005198,0.001987
13-Aug-19,892,1.013974,0.002001
13-Aug-20,892,1.012725,0.001962
13-Aug-21,892,1.008625,0.001954
13-Aug-22,892,1.009093,0.001899
13-Aug-23,892,1.0086,0.001982
13-Aug-24,892,1.002644,0.001956
13-Aug-25,892,1.010115,0.002008
13-Aug-26,892,1.001368,0.002022
13-Aug-27,892,1.008701,0.00195
13-Aug-28,892,1.013832,0.001971
13-Aug-29,892,1.023659,0.001972
13-Aug-30,892,1.020766,0.001951
13-Aug-31,892,1.009465,0.001908
13-Sep-01,892,1.007626,0.001929
13-Sep-02,892,1.00975,0.001956
13-Sep-03,892,1.007962,0.002067
13-Sep-04,892,1.012871,0.00199
13-Sep-05,892,1.022731,0.001947
13-Sep-06,892,1.02224,0.001951
13-Sep-07,892,1.024855,0.001921
13-Sep-08,892,1.008246,0.002033
13-Sep-09,892,1.017242,0.001968
13-Sep-10,892,1.010002,0.001977
13-Sep-11,892,1.013853,0.001967
13-Sep-12,892,1.022412,0.002017
13-Sep-13,892,1.024319,0.001948
13-Sep-14,892,1.010134,0.001986
13-Sep-15,892,1.014695,0.001943
13-Sep-16,892,1.008662,0.00205
13-Sep-17,892,1.00565,0.001941
13-Sep-18,892,1.010642,0.001958
13-Sep-19,892,1.012577,0.001929
13-Sep-20,892,1.011034,0.001961
13-Sep-21,892,1.006178,0.001882
13-Sep-22,892,1.014122,0.001976
13-Sep-23,892,1.013425,0.00193
13-Sep-24,892,1.017739,0.00197
13-Sep-25,892,1.014586,0.001981
13-Sep-26,892,1.016226,0.001925
13-Sep-27,892,1.009123,0.00193
13-Sep-28,892,1.010647,0.001991
13-Sep-29,892,1.00582,0.001987
13-Sep-30,892,1.010317,0.001931
13-Oct-01,892,1.015631,0.001959
13-Oct-02,892,1.009436,0.002018
13-Oct-03,892,1.016122,0.001984
13-Oct-04,892,1.023974,0.001907
13-Oct-05,892,1.005519,0.001975
13-Oct-06,892,1.015806,0.001928
13-Oct-07,892,1.01069,0.001925
13-Oct-08,892,1.011707,0.001903
13-Oct-09,892,1.012975,0.001906
13-Oct-10,892,1.010284,0.001995
13-Oct-11,892,1.014934,0.002031
13-Oct-12,892,1.019969,0.002047
13-Oct-13,892,1.034999,0.001938
13-Oct-14,892,1.030229,0.001894
13-Oct-15,892,1.017051,0.001907
13-Oct-16,892,1.008115,0.001961
13-Oct-17,892,1.021704,0.001988
13-Oct-18,892,1.017595,0.001939
13-Oct-19,892,1.015733,0.00193
13-Oct-20,892,1.004448,0.002023
13-Oct-21,892,1.019969,0.001961
13-Oct-22,892,1.014506,0.001919
13-Oct-23,892,1.030071,0.001958
13-Oct-24,892,1.01829,0.001938
13-Oct-25,892,1.03005,0.001936
13-Oct-26,892,1.026538,0.001923
13-Oct-27,892,1.032044,0.001964
13-Oct-28,892,1.019362,0.001929
13-Oct-29,892,1.012736,0.002008
13-Oct-30,892,1.027039,0.001907
13-Oct-31,892,1.031425,0.001971
13-Nov-01,892,1.012112,0.002006
13-Nov-02,892,1.029615,0.002017
13-Nov-03,892,1.008348,0.002017
13-Nov-04,892,1.02375,0.002007
13-Nov-05,892,1.020067,0.001984
13-Nov-06,892,1.010326,0.001915
13-Nov-07,892,1.022237,0.002061
13-Nov-08,892,1.022212,0.001983
13-Nov-09,892,1.024598,0.002111
13-Nov-10,892,1.021899,0.001958
13-Nov-11,892,1.027589,0.001931
13-Nov-12,892,1.029354,0.001938
13-Nov-13,892,1.028667,0.001931
13-Nov-14,892,1.018237,0.001941
13-Nov-15,892,1.023634,0.001933
13-Nov-16,892,1.017176,0.002448
13-Nov-17,892,1.025188,0.001913
13-Nov-18,892,1.028828,0.001988
13-Nov-19,892,1.02163,0.002015
13-Nov-20,892,1.035242,0.001948
13-Nov-21,892,1.025621,0.001941
13-Nov-22,892,1.026026,0.002094
13-Nov-23,892,1.012418,0.002068
13-Nov-24,892,1.019382,0.00199
13-Nov-25,892,1.01791,0.001972
13-Nov-26,892,1.009923,0.002177
13-Nov-27,892,1.010249,0.001944
13-Nov-28,892,1.019221,0.001934
13-Nov-29,892,1.016771,0.002021
13-Nov-30,892,1.038909,0.002103
13-Dec-01,892,1.024309,0.001942
13-Dec-02,892,1.033288,0.002039
13-Dec-03,892,1.024127,0.001997
13-Dec-04,892,1.01326,0.002061
13-Dec-05,892,1.027378,0.00201
13-Dec-06,892,1.021425,0.001931
13-Dec-07,892,1.023134,0.001943
13-Dec-08,892,1.037678,0.002008
13-Dec-09,892,1.035456,0.001943
13-Dec-10,892,1.027279,0.001926
13-Dec-11,892,1.024135,0.001918
13-Dec-12,892,1.022629,0.001997
13-Dec-13,892,1.021418,0.001968
13-Dec-14,892,1.014582,0.001997
13-Dec-15,892,1.021553,0.001945
13-Dec-16,892,1.019698,0.001936
13-Dec-17,892,1.033807,0.001965
13-Dec-18,892,1.012382,0.001965
13-Dec-19,892,1.018666,0.001957
13-Dec-20,892,1.027591,0.001946
13-Dec-21,892,1.027294,0.001936
13-Dec-22,892,1.002004,0.001946
13-Dec-23,892,1.015799,0.001932
13-Dec-24,892,1.009024,0.001984
13-Dec-25,892,1.018309,0.001965
13-Dec-26,892,1.005512,0.002033
13-Dec-27,892,1.005496,0.001994
13-Dec-28,892,1.027674,0.001922
13-Dec-29,892,1.015212,0.002072
13-Dec-30,892,0.998821,0.002009
13-Dec-31,892,1.012562,0.00211
14-Jan-01,892,1.006988,0.001927
14-Jan-02,892,1.037428,0.001936
14-Jan-03,892,1.030698,0.00195
14-Jan-04,892,1.018981,0.001997
14-Jan-05,892,1.020481,0.001947
14-Jan-06,892,1.006765,0.002022
14-Jan-07,892,1.031639,0.001932
14-Jan-08,892,1.03193,0.001974
14-Jan-09,892,1.012372,0.002063
14-Jan-10,892,1.020672,0.001986
14-Jan-11,892,1.002778,0.001993
14-Jan-12,892,1.006093,0.001971
14-Jan-13,892,1.018066,0.002
14-Jan-14,892,1.010599,0.002016
14-Jan-15,892,1.022981,0.001921
14-Jan-16,892,1.023526,0.001988
14-Jan-17,892,1.023188,0.002022
14-Jan-18,892,1.022998,0.001879
14-Jan-19,892,1.026859,0.001962
14-Jan-20,892,1.027142,0.001901
14-Jan-21,892,1.020541,0.001961
14-Jan-22,892,1.016405,0.002037
14-Jan-23,892,1.019961,0.001942
14-Jan-24,892,1.025143,0.001915
14-Jan-25,892,1.032231,0.001929
14-Jan-26,892,1.028697,0.001984
14-Jan-27,892,1.019919,0.001937
14-Jan-28,892,1.018921,0.001932
14-Jan-29,892,1.024846,0.001913
14-Jan-30,892,1.009883,0.001912
14-Feb-01,892,1.017983,0.001919
14-Feb-02,892,1.030134,0.001976
14-Feb-03,892,1.022275,0.002014
14-Feb-04,892,1.035821,0.001944
14-Feb-05,892,1.029337,0.001937
14-Feb-06,892,1.025289,0.002023
14-Feb-07,892,1.02552,0.00207
14-Feb-08,892,1.02501,0.001974
14-Feb-09,892,1.023455,0.002098
14-Feb-10,892,1.03122,0.001994
14-Feb-11,892,1.031062,0.002019
14-Feb-12,892,1.021813,0.001939
14-Feb-13,892,1.024746,0.001967
14-Feb-14,892,1.02358,0.00206
14-Feb-15,892,1.028578,0.001983
14-Feb-16,892,1.032013,0.002011
14-Feb-17,892,1.036232,0.001967
14-Feb-18,892,1.031224,0.002054
14-Feb-19,892,1.016173,0.002235
14-Feb-20,892,1.014439,0.002034
14-Feb-21,892,1.032547,0.002096
14-Feb-22,892,1.024201,0.002026
14-Feb-23,892,1.028491,0.002012
14-Feb-24,892,1.026382,0.00205
14-Feb-25,892,1.034047,0.002159
14-Feb-26,892,1.04005,0.002117
14-Feb-27,892,1.033725,0.002076
14-Feb-28,892,1.031779,0.002
14-Mar-01,892,1.02886,0.002028
14-Mar-02,892,1.026904,0.002045
14-Mar-03,892,1.032236,0.001989
14-Mar-04,892,1.026824,0.001996
14-Mar-05,892,1.031859,0.002037
14-Mar-06,892,1.021234,0.001937
14-Mar-07,892,1.040616,0.002033
14-Mar-08,892,1.034654,0.001953
14-Mar-09,892,1.012752,0.001943
14-Mar-10,892,1.034313,0.001951
14-Mar-11,892,1.008778,0.001929
14-Mar-12,892,1.021224,0.001961
14-Mar-14,892,1.01834,0.002048
14-Mar-15,892,1.017659,0.001931
14-Mar-16,892,1.014634,0.001948
14-Mar-17,892,1.017388,0.001976
14-Mar-18,892,1.016921,0.002083
14-Mar-19,892,1.019794,0.001941
14-Mar-20,892,1.024231,0.002086
14-Mar-21,892,1.032014,0.001964
14-Mar-22,892,1.040199,0.003419
14-Apr-08,892,1.021621,0.001952
14-Apr-09,892,1.018717,0.001995
14-Apr-10,892,1.021445,0.002058
14-Apr-11,892,1.026695,0.001968
14-Apr-12,892,1.022149,0.001907
14-Apr-13,892,1.022952,0.002007
14-Apr-14,892,1.02509,0.001964
14-Apr-15,892,1.021971,0.002062
14-Apr-16,892,1.019474,0.002012
14-Apr-17,892,1.028943,0.001978
14-Apr-18,892,1.02919,0.002232
14-Jun-04,892,1.028312,0.001942
14-Jun-05,892,1.014549,0.001946
14-Jun-06,892,1.028877,0.002091
14-Jun-07,892,1.018416,0.001968
14-Jun-08,892,1.016364,0.002012
14-Jun-09,892,1.020068,0.001929
14-Jun-10,892,1.015575,0.00194
14-Jun-11,892,1.015998,0.001934
14-Jun-12,892,1.019049,0.002039
14-Jun-13,892,1.015953,0.002076
14-Jun-14,892,1.011501,0.001991
14-Jun-15,892,1.016396,0.002041
14-Jun-16,892,1.012938,0.001996
14-Jun-17,892,1.02072,0.001954
14-Jun-18,892,1.025749,0.002085
14-Jun-19,892,1.015317,0.002005
14-Jun-20,892,1.021768,0.001973
14-Jun-21,892,1.018535,0.001974
14-Jun-22,892,1.029609,0.001946
14-Jun-23,892,1.021242,0.001976
14-Jun-24,892,1.017615,0.001951
14-Jun-25,892,1.00753,0.002005
14-Jun-26,892,1.010014,0.001974
14-Jun-27,892,1.024747,0.002017
14-Jun-28,892,1.016019,0.001941
14-Jun-29,892,1.017018,0.001948
14-Jun-30,892,1.018584,0.001928
14-Jul-01,892,1.013599,0.002024
14-Jul-02,892,1.01694,0.00198
14-Jul-03,892,1.022096,0.001984
14-Jul-04,892,1.028926,0.002072
14-Jul-05,892,1.018974,0.001952
14-Jul-06,892,1.004517,0.002135
14-Jul-07,892,1.028845,0.001951
14-Jul-08,892,1.014121,0.00201
14-Jul-09,892,1.015798,0.002032
14-Jul-10,892,1.007294,0.001983
14-Jul-11,892,1.019093,0.002
14-Jul-12,892,1.007711,0.001917
14-Jul-13,892,1.016507,0.001959
14-Jul-14,892,1.031025,0.004173
14-Jul-15,892,1.02532,0.002225
14-Jul-16,892,1.061311,0.002095
14-Jul-17,892,1.014958,0.002016
14-Jul-18,892,1.027494,0.00192
14-Jul-19,892,1.009581,0.001988
14-Jul-20,892,1.052194,0.002247
14-Jul-21,892,0.983549,0.002845
14-Oct-02,892,1.021272,0.002025
14-Oct-03,892,1.018614,0.002062
14-Oct-04,892,1.027652,0.002029
14-Oct-05,892,1.023328,0.002054
14-Oct-06,892,1.026543,0.002009
14-Oct-07,892,1.014198,0.002009
14-Oct-08,892,1.02103,0.00199
14-Oct-09,892,1.023308,0.002003
14-Oct-10,892,1.026465,0.002016
14-Oct-11,892,1.00766,0.002034
14-Oct-12,892,1.012559,0.001999
14-Oct-13,892,1.01162,0.001956
14-Oct-14,892,1.011522,0.001978
14-Oct-15,892,1.023432,0.001975
14-Oct-16,892,1.014373,0.002
14-Oct-17,892,1.030416,0.001984
14-Oct-18,892,1.034203,0.002029
14-Oct-19,892,1.01312,0.001974
14-Oct-20,892,1.015435,0.002013
14-Oct-21,892,1.01869,0.001992
14-Oct-22,892,1.013177,0.002015
14-Oct-23,892,1.021984,0.001987
14-Oct-24,892,1.045792,0.002012
14-Oct-25,892,1.032264,0.001961
14-Oct-26,892,1.022142,0.002031
14-Oct-27,892,1.018119,0.002021
14-Oct-28,892,1.022086,0.002046
14-Oct-29,892,1.011167,0.001986
14-Oct-30,892,1.017113,0.001968
14-Oct-31,892,1.013403,0.002038
14-Nov-01,892,1.020703,0.002045
14-Nov-02,892,1.013494,0.002049
14-Nov-03,892,1.019016,0.001998
14-Nov-04,892,1.025377,0.002031
14-Nov-05,892,1.025136,0.002007
14-Nov-06,892,1.019325,0.001982
14-Nov-07,892,1.018036,0.001996
14-Nov-08,892,1.034634,0.00201
14-Nov-09,892,1.018626,0.001981
14-Nov-10,892,1.02464,0.00196
14-Nov-11,892,1.029788,0.00196
14-Nov-12,892,1.016074,0.00198
14-Nov-13,892,1.025013,0.001954
14-Nov-14,892,1.038928,0.002004
14-Nov-15,892,1.024414,0.002011
14-Nov-16,892,1.033581,0.001933
14-Nov-17,892,1.028477,0.001949
14-Nov-18,892,1.021191,0.00205
14-Nov-19,892,1.015384,0.002023
14-Nov-20,892,1.027161,0.00205
14-Nov-21,892,1.035637,0.002052
14-Nov-22,892,1.020589,0.001966
14-Nov-23,892,1.031745,0.001978
14-Nov-24,892,1.028113,0.001988
14-Nov-25,892,1.019956,0.001986
14-Nov-26,892,1.015625,0.001988
14-Nov-27,892,1.024682,0.001976
14-Nov-28,892,1.02007,0.001967
14-Nov-29,892,1.012137,0.001993
14-Nov-30,892,1.009593,0.001935
14-Dec-01,892,1.007731,0.002039
14-Dec-02,892,1.016869,0.001946
14-Dec-03,892,1.025323,0.001938
14-Dec-04,892,1.027586,0.001947
14-Dec-05,892,1.01534,0.001965
14-Dec-06,892,1.024211,0.001948
14-Dec-07,892,1.014263,0.001953
14-Dec-08,892,1.015139,0.001911
14-Dec-09,892,1.024833,0.001944
14-Dec-10,892,1.023679,0.001934
14-Dec-11,892,1.02807,0.001983
14-Dec-12,892,1.0098,0.001975
14-Dec-13,892,1.016345,0.0019
14-Dec-14,892,1.029031,0.001928
14-Dec-15,892,1.024645,0.001947
14-Dec-16,892,1.01748,0.001934
14-Dec-17,892,1.020973,0.00194
14-Dec-18,892,1.013964,0.001951
14-Dec-19,892,1.010774,0.00197
14-Dec-20,892,1.016297,0.001908
14-Dec-21,892,1.021013,0.00193
14-Dec-22,892,1.021154,0.001933
14-Dec-23,892,1.016825,0.001941
14-Dec-24,892,1.021972,0.001915
14-Dec-25,892,1.026345,0.001967
14-Dec-26,892,1.031035,0.001879
14-Dec-27,892,1.034555,0.001903
14-Dec-28,892,1.029046,0.001885
14-Dec-29,892,1.023319,0.001883
14-Dec-30,892,1.031901,0.001887
14-Dec-31,892,1.022451,0.001924
15-Jan-01,892,1.014526,0.001919
15-Jan-02,892,1.031229,0.001883
15-Jan-03,892,1.032746,0.001945
15-Jan-04,892,1.039955,0.001937
15-Jan-05,892,1.028722,0.00194
15-Jan-06,892,1.025261,0.001946
15-Jan-07,892,1.015422,0.001923
15-Jan-08,892,1.012697,0.001921
15-Jan-09,892,1.029098,0.00203
15-Jan-10,892,1.021435,0.001956
15-Jan-11,892,1.028189,0.001959
15-Jan-12,892,1.029642,0.001955
15-Jan-13,892,1.025013,0.00192
15-Jan-14,892,1.034196,0.001919
15-Jan-15,892,1.027863,0.001932
15-Jan-16,892,1.024171,0.001913
15-Jan-17,892,1.020337,0.001904
15-Jan-18,892,1.018764,0.001982
15-Jan-19,892,1.025213,0.001947
15-Jan-20,892,1.030147,0.00194
15-Jan-21,892,1.030893,0.001926
15-Jan-22,892,1.029319,0.001932
15-Jan-23,892,1.029801,0.001914
15-Jan-24,892,1.028366,0.001951
15-Jan-25,892,1.026884,0.001929
15-Jan-26,892,1.017226,0.001934
15-Jan-27,892,1.013533,0.001912
15-Jan-28,892,1.028651,0.001913
15-Jan-29,892,1.027869,0.001939
15-Jan-30,892,1.032825,0.001928
15-Jan-31,892,1.026328,0.001985
15-Feb-01,892,1.040812,0.001923
15-Feb-02,892,1.035697,0.001918
15-Feb-03,892,1.038002,0.001959
15-Feb-04,892,1.043186,0.001921
15-Feb-05,892,1.036482,0.001968
15-Feb-06,892,1.029011,0.002005
15-Feb-07,892,1.03474,0.001919
15-Feb-08,892,1.014299,0.001933
15-Feb-09,892,1.03531,0.001966
15-Feb-10,892,1.035562,0.002036
15-Feb-11,892,1.028786,0.002019
15-Feb-12,892,1.017322,0.001928
15-Feb-13,892,1.023112,0.001981
15-Feb-14,892,1.016472,0.001936
15-Feb-15,892,1.036024,0.001978
15-Feb-16,892,1.044372,0.001971
15-Feb-17,892,1.028895,0.001972
15-Feb-18,892,1.031648,0.001957
15-Feb-19,892,1.030894,0.00196
15-Feb-20,892,1.03487,0.002008
15-Feb-21,892,1.035426,0.001993
15-Feb-22,892,1.023602,0.001974
15-Feb-23,892,1.023803,0.00196
15-Feb-24,892,1.024624,0.001982
15-Feb-25,892,1.020342,0.001964
15-Feb-26,892,1.015741,0.002007
15-Feb-27,892,1.029053,0.001968
15-Feb-28,892,1.029277,0.001987
15-Mar-01,892,1.020927,0.001979
15-Mar-02,892,1.022427,0.001979
15-Mar-03,892,1.030091,0.001937
15-Mar-04,892,1.021198,0.001958
15-Mar-05,892,1.027521,0.002045
15-Mar-06,892,1.035339,0.001937
15-Mar-07,892,1.027144,0.001952
15-Mar-08,892,1.031015,0.001941
15-Mar-09,892,1.027389,0.001942
15-Mar-10,892,1.034889,0.001956
15-Mar-11,892,1.040862,0.001972
15-Mar-12,892,1.027692,0.001981
15-Mar-13,892,1.0316,0.001963
15-Mar-14,892,1.020667,0.001969
15-Mar-15,892,1.026373,0.00195
15-Mar-16,892,1.03258,0.001968
15-Mar-17,892,1.027464,0.00194
15-Mar-18,892,1.029444,0.001941
15-Mar-19,892,1.025608,0.00195
15-Mar-20,892,1.033069,0.001983
15-Mar-21,892,1.026158,0.001924
15-Mar-22,892,1.023233,0.001931
15-Mar-23,892,1.026639,0.001932
15-Mar-24,892,1.026529,0.001936
15-Mar-25,892,1.02393,0.001954
15-Mar-26,892,1.018232,0.001985
15-Mar-27,892,1.016271,0.001956
15-Mar-28,892,1.016208,0.001972
15-Mar-29,892,1.025305,0.001974
15-Mar-30,892,1.024246,0.002002
15-Mar-31,892,1.022444,0.002005
15-Apr-01,892,1.028987,0.001977
15-Apr-02,892,1.033425,0.001904
15-Apr-03,892,1.020515,0.001943
15-Apr-04,892,1.028996,0.001976
15-Apr-05,892,1.02888,0.001953
15-Apr-06,892,1.022561,0.001974
15-Apr-07,892,1.021398,0.001909
15-Apr-08,892,1.021937,0.002021
15-Apr-09,892,1.023837,0.001942
15-Apr-10,892,1.026954,0.001967
15-Apr-11,892,1.024668,0.001992
15-Apr-12,892,1.020972,0.001946
15-Apr-13,892,1.028522,0.001946
15-Apr-14,892,1.03026,0.00197
15-Apr-15,892,1.020145,0.001961
15-Apr-16,892,1.013815,0.001958
15-Apr-17,892,1.028738,0.001912
15-Apr-18,892,1.025603,0.001982
15-Apr-19,892,1.024646,0.001946
15-Apr-20,892,1.020436,0.001928
15-Apr-21,892,1.021975,0.001968
15-Apr-22,892,1.029263,0.001973
15-Apr-23,892,1.035347,0.001928
15-Apr-24,892,1.042918,0.001893
15-Apr-25,892,1.034144,0.001953
15-Apr-26,892,1.022707,0.00201
15-Apr-27,892,1.033683,0.001967
15-Apr-28,892,1.02827,0.001914
15-Apr-29,892,1.022641,0.002002
15-Apr-30,892,1.025266,0.001987
15-May-01,892,1.031165,0.001964
15-May-02,892,1.028876,0.00197
15-May-03,892,1.029717,0.001933
15-May-04,892,1.03356,0.001984
15-May-05,892,1.025036,0.001925
15-May-06,892,1.028163,0.001901
15-May-07,892,1.025567,0.001884
15-May-08,892,1.020791,0.001925
15-May-09,892,1.02102,0.001956
15-May-10,892,1.03539,0.001918
15-May-11,892,1.018078,0.001867
15-May-12,892,1.013404,0.001961
15-May-13,892,1.028368,0.001941
15-May-14,892,1.038834,0.001919
15-May-15,892,1.027192,0.001904
15-May-16,892,1.032373,0.001938
15-May-17,892,1.034715,0.001921
15-May-18,892,1.030726,0.001915
15-May-19,892,1.022526,0.001966
15-May-20,892,1.022001,0.00188
15-May-21,892,1.030945,0.001873
15-May-22,892,1.027591,0.001908
15-May-23,892,1.033805,0.0019
15-May-24,892,1.027132,0.001894
15-May-25,892,1.03047,0.001896
15-May-26,892,1.025511,0.001891
15-May-27,892,1.037526,0.001876
15-May-28,892,1.019738,0.001912
15-May-29,892,1.0069,0.001899
15-May-30,892,1.020102,0.001914
15-May-31,892,1.030058,0.00191
15-Jun-01,892,1.024257,0.001902
15-Jun-02,892,1.030516,0.001901
15-Jun-03,892,1.037339,0.001896
15-Jun-04,892,1.026393,0.001912
15-Jun-05,892,1.02699,0.002038
15-Jun-06,892,1.035229,0.001926
15-Jun-07,892,1.031992,0.00192
15-Jun-08,892,1.029244,0.001947
15-Jun-09,892,1.01886,0.001914
15-Jun-10,892,1.012464,0.001922
15-Jun-11,892,1.022002,0.002004
15-Jun-12,892,1.03233,0.00192
15-Jun-13,892,1.032922,0.001907
15-Jun-14,892,1.023376,0.001995
15-Jun-15,892,1.021055,0.002013
15-Jun-16,892,1.022233,0.001931
15-Jun-17,892,1.023571,0.00197
15-Jun-18,892,1.015535,0.002006
15-Jun-19,892,1.008253,0.001995
15-Jun-20,892,1.02314,0.001979
15-Jun-21,892,1.021025,0.00198
15-Jun-22,892,1.022656,0.002006
15-Jun-23,892,1.026553,0.001979
15-Jun-24,892,1.023289,0.002027
15-Jun-25,892,1.024312,0.001985
15-Jun-26,892,1.018647,0.001943
15-Jun-27,892,1.017161,0.001911
15-Jun-28,892,1.030346,0.001924
15-Jun-29,892,1.017871,0.001954
15-Jun-30,892,1.021949,0.002007
15-Jul-01,892,1.021572,0.001931
15-Jul-02,892,1.023338,0.001934
15-Jul-03,892,1.015067,0.001927
15-Jul-04,892,1.024765,0.001886
15-Jul-05,892,1.013995,0.001914
15-Jul-06,892,1.015206,0.001936
15-Jul-07,892,1.01439,0.002001
15-Jul-08,892,1.014851,0.001947
15-Jul-09,892,1.009495,0.001972
15-Jul-10,892,1.003875,0.001962
15-Jul-11,892,1.027628,0.001979
15-Jul-12,892,1.023318,0.001921
15-Jul-13,892,1.011191,0.001925
15-Jul-14,892,1.011351,0.001909
15-Jul-15,892,1.024588,0.001935
15-Jul-16,892,1.024157,0.001952
15-Jul-17,892,1.032313,0.002073
15-Jul-18,892,1.019747,0.001957
15-Jul-19,892,1.024267,0.001974
15-Jul-20,892,1.02334,0.001959
15-Jul-21,892,1.023188,0.001989
15-Jul-22,892,1.028397,0.001984
15-Jul-23,892,1.020242,0.002047
15-Jul-24,892,1.015339,0.001959
15-Jul-25,892,1.026527,0.001966
15-Jul-26,892,1.027343,0.001978
15-Jul-27,892,1.016198,0.002042
15-Jul-28,892,1.027712,0.002006
15-Jul-29,892,1.013148,0.002014
15-Jul-30,892,1.026152,0.001963
15-Jul-31,892,1.011929,0.001985
15-Aug-01,892,1.018186,0.002008
15-Aug-02,892,1.028011,0.001959
15-Aug-03,892,1.030339,0.001983
15-Aug-04,892,1.021499,0.001938
15-Aug-05,892,1.033474,0.001995
15-Aug-06,892,1.031593,0.001978
15-Aug-07,892,1.033095,0.001992
15-Aug-08,892,1.016493,0.00203
15-Aug-09,892,1.008013,0.00207
15-Aug-10,892,1.021984,0.001994
15-Aug-11,892,1.024608,0.001946
15-Aug-12,892,1.044302,0.001997
15-Aug-13,892,1.037209,0.002103
15-Aug-14,892,1.021934,0.001945
15-Aug-15,892,1.022373,0.001963
15-Aug-16,892,1.02323,0.001986
15-Aug-17,892,1.029832,0.001989
15-Aug-18,892,1.035334,0.001996
15-Aug-19,892,1.026702,0.001996
15-Aug-20,892,1.029135,0.00196
15-Aug-21,892,1.017274,0.001919
15-Aug-22,892,1.021536,0.001999
15-Aug-23,892,1.027728,0.002019
15-Aug-24,892,1.051929,0.001968
15-Aug-25,892,1.024086,0.001971
15-Aug-26,892,1.040597,0.001964
15-Aug-27,892,1.022436,0.001962
15-Aug-28,892,1.019658,0.001965
15-Aug-29,892,1.004015,0.001981
15-Aug-30,892,1.030691,0.00195
15-Aug-31,892,1.022098,0.001957
15-Sep-01,892,1.015397,0.002039
15-Sep-02,892,1.03253,0.002115
15-Sep-03,892,1.01721,0.001999
15-Sep-04,892,1.012995,0.002046
15-Sep-05,892,1.007822,0.001951
15-Sep-06,892,1.02386,0.001998
15-Sep-07,892,1.037099,0.002026
15-Sep-08,892,1.020161,0.001943
15-Sep-09,892,1.035314,0.002026
15-Sep-10,892,1.008126,0.001965
15-Sep-11,892,1.031838,0.002017
15-Sep-12,892,1.030928,0.001968
15-Sep-13,892,1.056226,0.002095
15-Sep-14,892,1.024128,0.002
15-Sep-15,892,1.027586,0.002002
15-Sep-16,892,1.02201,0.002011
15-Sep-17,892,1.008426,0.001939
15-Sep-18,892,1.02885,0.002098
15-Sep-19,892,1.029323,0.002025
15-Sep-20,892,1.016903,0.002089
15-Sep-21,892,1.052106,0.002067
15-Sep-22,892,1.021471,0.001997
15-Sep-23,892,1.012335,0.00196
15-Sep-24,892,1.022932,0.001943
15-Sep-25,892,1.010871,0.001969
15-Sep-26,892,1.019644,0.002
15-Sep-27,892,1.025124,0.002003
15-Sep-28,892,1.029601,0.002042
15-Sep-29,892,1.025093,0.001953
15-Sep-30,892,1.014044,0.002061
15-Oct-01,892,1.009703,0.002018
15-Oct-02,892,1.018259,0.001965
15-Oct-03,892,1.022249,0.002052
15-Oct-04,892,1.039502,0.002069
15-Oct-05,892,1.023854,0.00195
15-Oct-06,892,1.017714,0.001991
15-Oct-07,892,1.034869,0.002025
15-Oct-08,892,1.036194,0.002009
15-Oct-09,892,1.027062,0.001971
15-Oct-10,892,1.020005,0.001979
15-Oct-11,892,1.020305,0.00197
15-Oct-12,892,1.003758,0.001963
15-Oct-13,892,1.022392,0.002024
15-Oct-14,892,1.022826,0.001961
15-Oct-15,892,1.019788,0.001991
15-Oct-16,892,0.997542,0.002036
15-Oct-17,892,1.043763,0.002062
15-Oct-18,892,1.016793,0.002043
15-Oct-19,892,1.008977,0.001977
15-Oct-20,892,1.010797,0.002037
15-Oct-21,892,1.008996,0.002014
15-Oct-22,892,1.013318,0.001977
15-Oct-23,892,1.015946,0.002011
15-Oct-24,892,1.030148,0.002019
15-Oct-25,892,1.024536,0.002013
15-Oct-26,892,1.016512,0.001971
15-Oct-27,892,1.021691,0.001982
15-Oct-28,892,1.010549,0.001993
15-Oct-29,892,1.013759,0.001977
15-Oct-30,892,1.010948,0.001993
15-Oct-31,892,1.021588,0.001985
15-Nov-01,892,1.015284,0.001958
15-Nov-02,892,1.018593,0.001963
15-Nov-03,892,1.026937,0.00204
15-Nov-04,892,1.011653,0.002079
15-Nov-05,892,1.019902,0.00201
15-Nov-06,892,1.018059,0.001998
15-Nov-07,892,1.004729,0.002069
15-Nov-08,892,1.017674,0.002031
15-Nov-09,892,1.024529,0.002067
15-Nov-10,892,1.006838,0.002058
15-Nov-11,892,1.030892,0.001948
15-Nov-12,892,1.022531,0.002041
15-Nov-13,892,1.015277,0.002074
15-Nov-14,892,1.029429,0.002058
15-Nov-15,892,1.025597,0.002012
15-Nov-16,892,1.012724,0.002011
15-Nov-17,892,1.032237,0.002047
15-Nov-18,892,1.017813,0.002016
15-Nov-19,892,1.02796,0.002015
15-Nov-20,892,1.020153,0.00203
15-Nov-21,892,1.027638,0.00198
15-Nov-22,892,1.023522,0.001985
15-Nov-23,892,1.021456,0.001994
15-Nov-24,892,1.02442,0.001997
15-Nov-25,892,1.017987,0.001997
15-Nov-26,892,1.022603,0.001975
15-Nov-27,892,1.002704,0.002023
15-Nov-28,892,1.003038,0.001985
15-Nov-29,892,1.006153,0.002014
15-Nov-30,892,1.018577,0.001998
15-Dec-01,892,1.012518,0.002008
15-Dec-02,892,0.999402,0.001981
15-Dec-03,892,1.000962,0.001961
15-Dec-04,892,1.007701,0.001983
15-Dec-05,892,1.006832,0.004261
15-Dec-07,892,1.019706,0.003598
15-Dec-08,892,1.016918,0.002014
15-Dec-09,892,1.003164,0.002059
15-Dec-10,892,1.002035,0.00204
15-Dec-11,892,1.007817,0.002065
15-Dec-12,892,1.013672,0.002077
15-Dec-13,892,1.018005,0.002012
15-Dec-14,892,1.02214,0.001944
15-Dec-15,892,1.019114,0.002022
15-Dec-16,892,1.016176,0.002066
15-Dec-17,892,1.008065,0.002045
15-Dec-18,892,1.011992,0.001991
15-Dec-19,892,1.020182,0.002068
15-Dec-20,892,0.98995,0.002053
15-Dec-21,892,1.018451,0.002037
15-Dec-22,892,1.004845,0.002037
15-Dec-23,892,1.030337,0.001959
15-Dec-24,892,1.016963,0.001933
15-Dec-25,892,1.009353,0.001946
15-Dec-26,892,1.014901,0.00203
15-Dec-27,892,1.017235,0.001968
15-Dec-28,892,1.024656,0.001946
15-Dec-29,892,1.019861,0.001956
15-Dec-30,892,1.01417,0.001971
15-Dec-31,892,1.014578,0.001956
16-Jan-01,892,1.026647,0.001944
16-Jan-02,892,1.012075,0.002045
16-Jan-03,892,1.016027,0.001954
16-Jan-04,892,1.014311,0.001926
16-Jan-05,892,1.018234,0.001947
16-Jan-06,892,1.022951,0.002
16-Jan-07,892,1.016338,0.002061
16-Jan-08,892,1.017964,0.00206
16-Jan-09,892,1.026256,0.00196
16-Jan-10,892,1.024484,0.001957
16-Jan-11,892,1.021063,0.001974
16-Jan-12,892,1.016865,0.001984
16-Jan-13,892,1.022308,0.001943
16-Jan-14,892,1.018957,0.001949
16-Jan-15,892,1.022372,0.002003
16-Jan-16,892,1.027034,0.001963
16-Jan-17,892,1.021616,0.001973
16-Jan-18,892,1.022588,0.001962
16-Jan-19,892,1.022285,0.001921
16-Jan-20,892,1.013946,0.001956
16-Jan-21,892,1.01438,0.001953
16-Jan-22,892,1.025605,0.001953
16-Jan-23,892,1.018611,0.001962
16-Jan-24,892,1.023637,0.001935
16-Jan-25,892,1.01534,0.001947
16-Jan-26,892,1.014882,0.001965
16-Jan-27,892,1.023476,0.001961
16-Jan-28,892,1.0249,0.001964
16-Jan-29,892,1.014447,0.001974
16-Jan-30,892,1.010984,0.001982
16-Jan-31,892,1.018875,0.001962
16-Feb-01,892,1.013649,0.001984
16-Feb-02,892,1.016673,0.001983
16-Feb-03,892,1.012539,0.001959
16-Feb-04,892,1.0169,0.001956
16-Feb-05,892,1.020453,0.001974
16-Feb-06,892,1.016001,0.001973
16-Feb-07,892,1.014972,0.001997
16-Feb-08,892,1.013829,0.001999
16-Feb-09,892,1.012337,0.001948
16-Feb-10,892,1.019462,0.002002
16-Feb-11,892,1.013394,0.001959
16-Feb-12,892,1.014696,0.001959
16-Feb-13,892,1.015442,0.001961
16-Feb-14,892,1.020909,0.001965
16-Feb-15,892,1.016136,0.002006
16-Feb-16,892,1.00336,0.002003
16-Feb-17,892,0.997396,0.001985
16-Feb-18,892,1.011656,0.001941
16-Feb-19,892,1.010807,0.001959
16-Feb-20,892,1.018847,0.001944
16-Feb-21,892,1.025404,0.001964
16-Feb-22,892,1.016102,0.001948
16-Feb-23,892,1.018872,0.001976
16-Feb-24,892,1.014605,0.001945
16-Feb-25,892,1.014545,0.001946
16-Feb-26,892,1.011282,0.002042
16-Feb-27,892,1.01382,0.002002
16-Feb-28,892,1.015193,0.002055
16-Feb-29,892,1.01371,0.001978
16-Mar-01,892,1.018544,0.001972
16-Mar-02,892,1.02802,0.001935
16-Mar-03,892,1.016471,0.002046
16-Mar-04,892,1.017434,0.001996
16-Mar-05,892,1.021408,0.001941
16-Mar-06,892,1.018392,0.001923
16-Mar-07,892,1.01845,0.001972
16-Mar-08,892,1.023173,0.002075
16-Mar-09,892,1.026838,0.001997
16-Mar-10,892,1.013484,0.001942
16-Mar-11,892,1.015685,0.001957
16-Mar-12,892,1.019881,0.001987
16-Mar-13,892,1.014515,0.001962
16-Mar-14,892,1.016273,0.002002
16-Mar-15,892,1.027854,0.001986
16-Mar-16,892,1.015951,0.002022
16-Mar-17,892,1.018775,0.001986
16-Mar-18,892,1.022942,0.00211
16-Mar-19,892,1.011774,0.001988
16-Mar-20,892,1.023087,0.001957
16-Mar-21,892,1.012046,0.002012
16-Mar-22,892,1.018623,0.001958
16-Mar-23,892,1.025394,0.00197
16-Mar-24,892,1.018319,0.002011
16-Mar-25,892,1.01612,0.001968
16-Mar-26,892,1.02405,0.001939
16-Mar-27,892,1.024981,0.001978
16-Mar-28,892,1.021677,0.001977
16-Mar-29,892,1.023413,0.001983
16-Mar-30,892,1.023118,0.001948
16-Mar-31,892,1.026001,0.001966
16-Apr-01,892,1.02291,0.001979
16-Apr-02,892,1.017878,0.00199
16-Apr-03,892,1.019252,0.001987
16-Apr-04,892,1.020162,0.001957
16-Apr-05,892,1.019252,0.00196
16-Apr-06,892,1.016757,0.001975
16-Apr-07,892,1.011799,0.002022
16-Apr-08,892,1.014929,0.001931
16-Apr-09,892,1.006186,0.001995
16-Apr-10,892,1.024266,0.001953
16-Apr-11,892,1.024274,0.001996
16-Apr-12,892,1.011934,0.001978
16-Apr-13,892,1.012394,0.001995
16-Apr-14,892,1.018165,0.001948
16-Apr-15,892,1.022912,0.001949
16-Apr-16,892,1.025984,0.001968
16-Apr-17,892,1.015618,0.001996
16-Apr-18,892,1.020775,0.001956
16-Apr-19,892,1.019656,0.001975
16-Apr-20,892,1.024016,0.001961
16-Apr-21,892,1.02049,0.001974
16-Apr-22,892,1.025486,0.00198
16-Apr-23,892,1.021522,0.00198
16-Apr-24,892,1.018156,0.001974
16-Apr-25,892,1.021155,0.001951
16-Apr-26,892,1.019589,0.00198
16-Apr-27,892,1.023455,0.001998
16-Apr-28,892,1.02259,0.001989
16-Apr-29,892,1.017067,0.001959
16-Apr-30,892,1.019423,0.001951
16-May-01,892,1.013037,0.001956
16-May-02,892,1.005505,0.001994
16-May-03,892,1.023049,0.001942
16-May-04,892,1.023599,0.001971
16-May-05,892,1.017944,0.001994
16-May-06,892,1.022278,0.002003
16-May-07,892,1.030678,0.002029
16-May-08,892,1.024554,0.00211
16-May-09,892,1.02383,0.00196
16-May-10,892,1.033326,0.00195
16-May-11,892,1.018442,0.002019
16-May-12,892,1.018632,0.001973
16-May-13,892,1.026971,0.001949
16-May-14,892,1.029354,0.001931
16-May-15,892,1.020916,0.001933
16-May-16,892,1.020012,0.001954
16-May-17,892,1.021664,0.001974
16-May-18,892,1.024152,0.00197
16-May-19,892,1.020094,0.001986
16-May-20,892,1.025842,0.001936
16-May-21,892,1.014051,0.001944
16-May-22,892,1.030191,0.001978
16-May-23,892,1.022583,0.001985
16-May-24,892,1.013223,0.002007
16-May-25,892,1.023097,0.001962
16-May-26,892,1.03489,0.001969
16-May-27,892,1.031517,0.002008
16-May-28,892,1.022328,0.001964
16-May-29,892,1.031851,0.001969
16-May-30,892,1.035482,0.001927
16-May-31,892,1.018937,0.001932
16-Jun-01,892,1.021795,0.001962
16-Jun-02,892,1.019223,0.001962
16-Jun-03,892,1.032236,0.001993
16-Jun-04,892,1.017321,0.002027
16-Jun-05,892,1.041959,0.001968
16-Jun-06,892,1.026443,0.001947
16-Jun-07,892,1.028438,0.001928
16-Jun-08,892,1.019907,0.001959
16-Jun-09,892,1.009746,0.001946
16-Jun-10,892,1.016147,0.001968
16-Jun-11,892,1.018275,0.00199
16-Jun-12,892,1.028413,0.001981
16-Jun-13,892,1.028465,0.001991
16-Jun-14,892,1.026835,0.002018
16-Jun-15,892,1.006781,0.001953
16-Jun-16,892,1.023254,0.001967
16-Jun-17,892,1.010362,0.001956
16-Jun-18,892,1.016917,0.001958
16-Jun-19,892,1.007577,0.001932
16-Jun-20,892,1.016335,0.001966
16-Jun-21,892,1.013876,0.001993
16-Jun-22,892,1.01373,0.001927
16-Jun-23,892,1.011404,0.001988
16-Jun-24,892,1.017319,0.001971
16-Jun-25,892,1.007628,0.001992
16-Jun-26,892,1.027766,0.001938
16-Jun-27,892,1.014967,0.001944
16-Jun-28,892,1.021142,0.001925
16-Jun-29,892,1.015357,0.001944
16-Jun-30,892,1.014651,0.001947
16-Jul-01,892,1.020635,0.001966
16-Jul-02,892,1.011739,0.00197
16-Jul-03,892,1.012376,0.002007
16-Jul-04,892,1.01961,0.001973
16-Jul-05,892,1.018396,0.001946
16-Jul-06,892,1.011987,0.001947
16-Jul-07,892,1.0077,0.001975
16-Jul-08,892,1.013322,0.001965
16-Jul-09,892,1.017357,0.00195
16-Jul-10,892,1.028082,0.001937
16-Jul-11,892,1.019925,0.001917
16-Jul-12,892,1.016488,0.001928
16-Jul-13,892,1.020426,0.001937
16-Jul-14,892,1.025741,0.001976
16-Jul-15,892,1.016153,0.001952
16-Jul-16,892,1.027447,0.001944
16-Jul-17,892,1.020032,0.001946
16-Jul-18,892,1.018081,0.001934
16-Jul-19,892,1.037401,0.002007
16-Jul-20,892,1.021346,0.001987
16-Jul-21,892,1.017504,0.001974
16-Jul-22,892,1.02044,0.001989
16-Jul-23,892,1.014374,0.002002
16-Jul-24,892,1.023809,0.002022
16-Jul-25,892,1.02985,0.001929
16-Jul-26,892,1.027472,0.002024
16-Jul-27,892,1.017325,0.00203
16-Jul-28,892,1.008333,0.001959
16-Jul-29,892,1.007265,0.001982
16-Jul-30,892,1.025566,0.001939
16-Jul-31,892,1.018787,0.001939
16-Aug-01,892,1.012535,0.001942
16-Aug-02,892,1.006945,0.001928
16-Aug-03,892,1.000044,0.001925
16-Aug-04,892,1.011594,0.001958
16-Aug-05,892,1.019348,0.001925
16-Aug-06,892,1.005664,0.001961
16-Aug-07,892,1.009195,0.001958
16-Aug-08,892,1.01457,0.001938
16-Aug-09,892,1.014222,0.001931
16-Aug-10,892,1.015925,0.001965
16-Aug-11,892,1.023567,0.00198
16-Aug-12,892,1.02386,0.00199
16-Aug-13,892,1.02154,0.001964
16-Aug-14,892,1.02545,0.002007
16-Aug-15,892,1.019805,0.001951
16-Aug-16,892,1.012085,0.001986
16-Aug-17,892,1.021698,0.001967
16-Aug-18,892,1.035805,0.00201
16-Aug-19,892,1.016532,0.00202
16-Aug-20,892,1.006723,0.002038
16-Aug-21,892,1.01363,0.001984
16-Aug-22,892,1.00909,0.002015
16-Aug-23,892,1.044104,0.002006
16-Aug-24,892,1.018121,0.001975
16-Aug-25,892,1.006435,0.001956
16-Aug-26,892,1.006118,0.002016
16-Aug-27,892,1.017669,0.001978
16-Aug-28,892,1.032203,0.001938
16-Aug-29,892,1.013363,0.001952
16-Aug-30,892,1.021907,0.001951
16-Aug-31,892,1.013474,0.002097
16-Sep-01,892,1.01408,0.002021
16-Sep-02,892,1.011623,0.002013
16-Sep-03,892,1.023781,0.001949
16-Sep-04,892,1.015211,0.001966
16-Sep-05,892,1.005962,0.001978
16-Sep-06,892,1.012047,0.001974
16-Sep-07,892,1.010721,0.002067
16-Sep-08,892,1.011765,0.002047
16-Sep-09,892,1.022742,0.002029
16-Sep-10,892,1.025233,0.001954
16-Sep-11,892,1.019083,0.001999
16-Sep-12,892,1.006156,0.001957
16-Sep-13,892,1.022653,0.00197
16-Sep-14,892,1.035178,0.002005
16-Sep-15,892,1.024283,0.002038
16-Sep-16,892,1.027319,0.001972
16-Sep-17,892,1.014702,0.001973
16-Sep-18,892,1.023715,0.001978
16-Sep-19,892,1.002952,0.001955
16-Sep-20,892,1.012741,0.001929
16-Sep-21,892,1.02308,0.001961
16-Sep-22,892,1.01532,0.002007
16-Sep-23,892,1.021055,0.002103
16-Sep-24,892,1.0226,0.001959
16-Sep-25,892,1.012329,0.001969
16-Sep-26,892,1.007807,0.001986
16-Sep-27,892,1.019137,0.001937
16-Sep-28,892,1.015424,0.001963
16-Sep-29,892,1.014006,0.001939
16-Sep-30,892,1.012918,0.001947
16-Oct-01,892,1.025836,0.002017
16-Oct-02,892,1.02761,0.002029
16-Oct-03,892,1.019592,0.002101
16-Oct-04,892,1.03061,0.001958
16-Oct-05,892,1.018468,0.001999
16-Oct-06,892,1.019335,0.001992
16-Oct-07,892,1.027942,0.001953
16-Oct-08,892,1.017349,0.001976
16-Oct-09,892,1.014822,0.001978
16-Oct-10,892,1.015963,0.001958
16-Oct-11,892,1.013843,0.001966
16-Oct-12,892,1.012358,0.001956
16-Oct-13,892,1.008869,0.001958
16-Oct-14,892,1.013526,0.001977
16-Oct-15,892,0.997933,0.001956
16-Oct-16,892,1.005368,0.00195
16-Oct-17,892,1.02165,0.001951
16-Oct-18,892,1.024109,0.001989
16-Oct-19,892,1.030411,0.001952
16-Oct-20,892,1.024248,0.001969
16-Oct-21,892,1.010468,0.001992
16-Oct-22,892,1.008963,0.001962
16-Oct-23,892,1.003385,0.001943
16-Oct-24,892,1.014691,0.001917
16-Oct-25,892,1.016516,0.00194
16-Oct-26,892,1.014791,0.001935
16-Oct-27,892,1.012119,0.001934
16-Oct-28,892,1.01961,0.001965
16-Oct-29,892,1.025191,0.001926
16-Oct-30,892,1.020958,0.001975
16-Oct-31,892,1.018012,0.001975
16-Nov-01,892,1.001745,0.001945
16-Nov-02,892,1.010574,0.002015
16-Nov-03,892,1.002972,0.002027
16-Nov-04,892,1.0101,0.001978
16-Nov-05,892,1.01423,0.00197
16-Nov-06,892,1.011076,0.001933
16-Nov-07,892,1.017443,0.00193
16-Nov-08,892,1.018038,0.00198
16-Nov-09,892,1.024424,0.001939
16-Nov-10,892,1.02285,0.002006
16-Nov-11,892,1.020856,0.001943
16-Nov-12,892,1.025628,0.001962
16-Nov-13,892,1.018682,0.001973
16-Nov-14,892,1.015034,0.001926
16-Nov-15,892,1.0156,0.001979
16-Nov-16,892,1.018286,0.001922
16-Nov-17,892,1.018329,0.001933
16-Nov-18,892,1.024429,0.001977
16-Nov-19,892,1.018453,0.001975
16-Nov-20,892,1.018972,0.001987
16-Nov-21,892,1.026759,0.00199
16-Nov-22,892,1.018352,0.001987
16-Nov-23,892,1.009943,0.001992
16-Nov-24,892,1.020022,0.002003
16-Nov-25,892,1.015241,0.002089
16-Nov-26,892,1.013067,0.002117
16-Nov-27,892,1.016714,0.001999
16-Nov-28,892,1.016265,0.001935
16-Nov-29,892,1.019854,0.00199
16-Nov-30,892,1.019032,0.002036
16-Dec-01,892,1.005932,0.002123
16-Dec-02,892,1.022826,0.00203
16-Dec-03,892,1.034686,0.001983
16-Dec-04,892,1.026226,0.001968
16-Dec-05,892,1.021738,0.001958
16-Dec-06,892,1.031313,0.001934
16-Dec-07,892,1.021367,0.00197
16-Dec-08,892,1.031376,0.00199
16-Dec-09,892,1.029551,0.002007
16-Dec-10,892,1.036803,0.001957
16-Dec-11,892,1.025852,0.002428
16-Dec-12,892,1.018901,0.002806
16-Dec-13,892,1.027981,0.004494
16-Dec-15,892,1.039731,0.003251
16-Dec-16,892,1.021564,0.003888
16-Dec-17,892,1.018539,0.002011
16-Dec-18,892,1.028828,0.002194
16-Dec-20,892,1.020069,0.001944
16-Dec-21,892,1.018438,0.001971
16-Dec-22,892,1.009177,0.001979
16-Dec-23,892,1.02033,0.002018
16-Dec-24,892,1.012827,0.001956
16-Dec-25,892,1.018867,0.001964
16-Dec-26,892,1.012848,0.001966
16-Dec-27,892,1.011447,0.001946
16-Dec-28,892,1.022498,0.00199
16-Dec-29,892,1.021327,0.00199
16-Dec-30,892,1.021165,0.001952
16-Dec-31,892,1.027817,0.001943
17-Jan-01,892,1.022732,0.001966
17-Jan-02,892,1.030248,0.001976
17-Jan-03,892,1.024135,0.002028
17-Jan-04,892,1.022493,0.001989
17-Jan-05,892,1.019228,0.001928
17-Jan-06,892,1.034907,0.001917
17-Jan-07,892,1.036956,0.001942
17-Jan-08,892,1.029895,0.001946
17-Jan-09,892,1.023441,0.001929
17-Jan-10,892,1.023428,0.001967
17-Jan-11,892,1.0207,0.001944
17-Jan-12,892,1.028743,0.001974
17-Jan-13,892,1.022229,0.001941
17-Jan-14,892,1.024195,0.00194
17-Jan-15,892,1.007926,0.001966
17-Jan-16,892,1.009909,0.001964
17-Jan-17,892,1.016485,0.002026
17-Jan-18,892,1.015253,0.001942
17-Jan-22,892,0.99956,0.001978
17-Jan-23,892,1.011493,0.004606
17-Jan-26,892,1.019167,0.002
17-Jan-27,892,1.018031,0.001967
17-Jan-28,892,1.015996,0.001917
17-Jan-29,892,1.02295,0.001933
17-Jan-30,892,1.02526,0.0019
17-Jan-31,892,1.016714,0.001924
17-Feb-01,892,1.009402,0.001876
17-Feb-02,892,1.017747,0.001919
17-Feb-03,892,1.020274,0.001914
17-Feb-04,892,1.029363,0.001921
17-Feb-05,892,1.026085,0.001898
17-Feb-06,892,1.023121,0.001921
17-Feb-07,892,1.02449,0.001918
17-Feb-08,892,1.020982,0.00196
17-Feb-09,892,1.034166,0.001907
17-Feb-10,892,1.024239,0.001907
17-Feb-11,892,1.019425,0.001937
17-Feb-12,892,1.027402,0.001972
17-Feb-13,892,1.025932,0.001904
17-Feb-14,892,1.028868,0.001914
17-Feb-15,892,1.021203,0.00193
17-Feb-16,892,1.013842,0.001898
17-Feb-17,892,1.012186,0.001896
17-Feb-18,892,1.019726,0.001897
17-Feb-19,892,1.015529,0.001921
17-Feb-20,892,1.016938,0.00191
17-Feb-21,892,1.014698,0.001913
17-Feb-22,892,1.000129,0.001922
17-Feb-23,892,1.018312,0.001886
17-Feb-24,892,1.016328,0.001928
17-Feb-25,892,1.0236,0.001983
17-Feb-26,892,1.014252,0.001939
17-Feb-27,892,1.028834,0.001958
17-Feb-28,892,1.026645,0.001916
17-Mar-01,892,1.025454,0.001926
17-Mar-02,892,1.018355,0.001914
17-Mar-03,892,1.036065,0.001945
17-Mar-04,892,1.017494,0.001937
17-Mar-05,892,1.025589,0.00192
17-Mar-06,892,1.010507,0.001974
17-Mar-07,892,1.009764,0.001951
17-Mar-08,892,1.023956,0.001951
17-Mar-09,892,1.019001,0.001957
17-Mar-10,892,1.021389,0.001927
17-Mar-11,892,1.015429,0.001926
17-Mar-12,892,1.02493,0.001937
17-Mar-13,892,1.034728,0.001912
17-Mar-14,892,1.017895,0.001929
17-Mar-15,892,1.021349,0.001914
17-Mar-16,892,1.025456,0.001932
17-Mar-17,892,1.030194,0.001901
17-Mar-18,892,1.035535,0.00188
17-Mar-19,892,1.027583,0.001915
17-Mar-20,892,1.019144,0.002041
17-Mar-21,892,1.017699,0.001934
17-Mar-22,892,1.033411,0.001893
17-Mar-24,892,1.025958,0.002026
17-Mar-25,892,1.027739,0.001951
17-Mar-26,892,1.017875,0.001943
17-Mar-27,892,1.0218,0.001953
17-Mar-28,892,1.016907,0.00193
17-Mar-29,892,1.012459,0.001922
17-Mar-30,892,1.013616,0.001945
17-Mar-31,892,1.008498,0.001983
17-Apr-01,892,1.020575,0.001986
17-Apr-02,892,1.016265,0.001937
17-Apr-03,892,1.020565,0.001905
17-Apr-04,892,1.019613,0.002001
17-Apr-05,892,1.017767,0.001939
17-Apr-06,892,1.015562,0.001935
17-Apr-07,892,1.021802,0.001913
17-Apr-08,892,1.030277,0.001898
17-Apr-09,892,1.024273,0.00192
17-Apr-10,892,1.0235,0.001948
17-Apr-11,892,1.020706,0.001921
17-Apr-12,892,1.022519,0.00194
17-Apr-13,892,1.019404,0.001934
17-Apr-14,892,1.026735,0.001903
17-Apr-15,892,1.020664,0.001936
17-Apr-16,892,1.0193,0.001951
17-Apr-17,892,1.02021,0.00318
17-Apr-18,892,1.023069,0.001933
17-Apr-19,892,1.027417,0.001957
17-Apr-20,892,1.019889,0.00191
17-Apr-21,892,1.029073,0.001957
17-Apr-22,892,1.030396,0.001909
17-Apr-23,892,1.018641,0.00197
17-Apr-24,892,1.030888,0.001918
17-Apr-25,892,1.017892,0.001917
17-Apr-26,892,1.014451,0.001924
17-Apr-27,892,1.018365,0.001936
17-Apr-28,892,1.016977,0.001968
17-Apr-29,892,1.020813,0.001889
17-Apr-30,892,1.012176,0.002035
17-May-01,892,1.02329,0.001995
17-May-02,892,1.026147,0.00188
17-May-03,892,1.023642,0.001945
17-May-04,892,1.021041,0.001921
17-May-05,892,1.025169,0.001917
17-May-06,892,1.019644,0.001926
17-May-07,892,1.025274,0.00187
17-May-08,892,1.0252,0.001903
17-May-09,892,1.017164,0.001919
17-May-10,892,1.015773,0.001896
17-May-11,892,1.026802,0.001905
17-May-12,892,1.018078,0.001909
17-May-13,892,1.023273,0.001906
17-May-14,892,1.020213,0.001977
17-May-15,892,1.027958,0.001973
17-May-16,892,1.033099,0.001959
17-May-17,892,1.026971,0.00194
17-May-18,892,1.030683,0.001913
17-May-19,892,1.034824,0.001953
17-May-20,892,1.034272,0.001921
17-May-21,892,1.026065,0.001926
17-May-22,892,1.017384,0.001895
17-May-23,892,1.014064,0.001909
17-May-24,892,1.018432,0.001958
17-May-25,892,1.022156,0.0019
17-May-26,892,1.023234,0.001913
17-May-27,892,1.023214,0.001924
17-May-28,892,0.997379,0.001999
17-May-29,892,1.018419,0.001925
17-May-30,892,1.028431,0.001883
17-May-31,892,1.024349,0.001895
17-Jun-01,892,1.015774,0.001929
17-Jun-02,892,1.020275,0.001962
17-Jun-03,892,1.019663,0.001904
17-Jun-04,892,1.013123,0.001919
17-Jun-05,892,1.010232,0.001934
17-Jun-06,892,1.021752,0.001894
17-Jun-07,892,1.010888,0.001945
17-Jun-08,892,1.016056,0.001913
17-Jun-09,892,1.010655,0.001886
17-Jun-10,892,1.017529,0.00193
17-Jun-11,892,1.01504,0.001894
17-Jun-12,892,1.017986,0.001924
17-Jun-13,892,1.013148,0.001924
17-Jun-14,892,1.017578,0.001911
17-Jun-15,892,1.013656,0.001974
17-Jun-16,892,1.018041,0.00195
17-Jun-17,892,1.021894,0.001913
17-Jun-18,892,1.014733,0.00194
17-Jun-19,892,1.008481,0.001903
17-Jun-20,892,1.012654,0.001889
17-Jun-21,892,1.011939,0.001881
17-Jun-22,892,1.004675,0.001905
17-Jun-23,892,1.02548,0.001942
17-Jun-24,892,1.018312,0.001894
17-Jun-25,892,1.022452,0.001912
17-Jun-26,892,1.011372,0.001892
17-Jun-27,892,1.011104,0.00191
17-Jun-28,892,1.015968,0.001915
17-Jun-29,892,1.017712,0.001949
17-Jun-30,892,1.010519,0.001936
17-Jul-01,892,1.040986,0.00193
17-Jul-02,892,1.018547,0.001921
17-Jul-03,892,1.000923,0.00194
17-Jul-04,892,1.014481,0.001917
17-Jul-05,892,1.0121,0.001892
17-Jul-06,892,1.021775,0.001924
17-Jul-07,892,1.003461,0.001936
17-Jul-08,892,1.008677,0.001914
17-Jul-09,892,1.020552,0.00191
17-Jul-10,892,1.015261,0.001899
17-Jul-11,892,1.013281,0.001951
17-Jul-12,892,1.012384,0.001963
17-Jul-13,892,1.009886,0.00194
17-Jul-14,892,1.003082,0.00193
17-Jul-15,892,1.008428,0.001891
17-Jul-16,892,1.011215,0.001904
17-Jul-17,892,1.018633,0.001934
17-Jul-18,892,1.017621,0.00194
17-Jul-19,892,1.008818,0.001948
17-Jul-20,892,1.012198,0.001908
17-Jul-21,892,1.009876,0.001915
17-Jul-22,892,1.013189,0.001898
17-Jul-23,892,1.004839,0.001915
17-Jul-24,892,1.01219,0.001939
17-Jul-25,892,1.01011,0.001903
17-Jul-26,892,1.002917,0.001904
17-Jul-27,892,1.002359,0.001906
17-Jul-28,892,1.012895,0.00191
17-Jul-29,892,1.009388,0.001953
17-Jul-30,892,1.017245,0.001941
17-Jul-31,892,1.004109,0.001944
17-Aug-01,892,1.017371,0.001957
17-Aug-02,892,1.013201,0.001937
17-Aug-03,892,1.020224,0.00199
17-Aug-04,892,1.006667,0.002004
17-Aug-05,892,1.012875,0.001928
17-Aug-06,892,1.0141,0.001942
17-Aug-07,892,1.013176,0.001947
17-Aug-08,892,1.009945,0.00192
17-Aug-09,892,1.008388,0.001906
17-Aug-10,892,1.000416,0.001931
17-Aug-11,892,0.997139,0.001982
17-Aug-12,892,1.00097,0.001929
17-Aug-13,892,1.001277,0.001962
17-Aug-14,892,1.010435,0.001949
17-Aug-15,892,1.012254,0.001916
17-Aug-16,892,1.007638,0.001914
17-Aug-17,892,1.008276,0.001974
17-Aug-18,892,0.999775,0.002003
17-Aug-19,892,1.011674,0.001963
17-Aug-20,892,1.014034,0.001988
17-Aug-21,892,1.012308,0.002008
17-Aug-22,892,1.008675,0.002038
17-Aug-23,892,0.999885,0.001935
17-Aug-24,892,1.004015,0.001925
17-Aug-25,892,1.012877,0.00198
17-Aug-26,892,1.011101,0.001966
17-Aug-27,892,1.019306,0.00193
17-Aug-28,892,1.005626,0.001934
17-Aug-29,892,1.009103,0.001974
17-Aug-30,892,1.010256,0.001944
17-Aug-31,892,1.018531,0.001974
17-Sep-01,892,1.016734,0.001977
17-Sep-02,892,1.016385,0.00191
17-Sep-03,892,1.017867,0.001973
17-Sep-04,892,1.013917,0.001946
17-Sep-05,892,1.022306,0.001935
17-Sep-06,892,1.018422,0.001902
17-Sep-07,892,1.019818,0.002028
17-Sep-08,892,1.020638,0.001928
17-Sep-09,892,1.013654,0.001929
17-Sep-10,892,1.011534,0.001918
17-Sep-11,892,1.018173,0.001917
17-Sep-12,892,1.014492,0.001954
17-Sep-13,892,1.0146,0.001927
17-Sep-14,892,1.017033,0.00199
17-Sep-15,892,1.018228,0.001947
17-Sep-16,892,1.016012,0.001978
17-Sep-17,892,1.013872,0.00194
17-Sep-18,892,1.018653,0.001933
17-Sep-19,892,1.021303,0.001954
17-Sep-20,892,1.005287,0.001948
17-Sep-21,892,0.999037,0.001947
17-Sep-22,892,1.010128,0.001944
17-Sep-23,892,1.019756,0.001928
17-Sep-24,892,1.025912,0.001923
17-Sep-25,892,1.01572,0.001959
17-Sep-26,892,1.017682,0.001922
17-Sep-27,892,1.023151,0.001952
17-Sep-28,892,1.017541,0.001975
17-Sep-29,892,1.012718,0.001941
17-Sep-30,892,1.013856,0.001964
17-Oct-01,892,1.021309,0.001962
17-Oct-02,892,1.009708,0.001947
17-Oct-03,892,1.014537,0.001939
17-Oct-04,892,1.008301,0.002011
17-Oct-05,892,1.010127,0.00193
17-Oct-06,892,0.998791,0.001931
17-Oct-07,892,1.015421,0.001954
17-Oct-08,892,1.010642,0.001957
17-Oct-09,892,1.024323,0.001923
17-Oct-10,892,1.014054,0.001906
17-Oct-11,892,1.018701,0.001956
17-Oct-12,892,1.008792,0.001947
17-Oct-13,892,1.015243,0.001984
17-Oct-14,892,1.015719,0.001928
17-Oct-15,892,1.01879,0.002016
17-Oct-16,892,1.013337,0.001927
17-Oct-17,892,1.016976,0.001952
17-Oct-18,892,0.99363,0.001965
17-Oct-21,892,1.008825,0.001957
17-Oct-22,892,1.00724,0.001931
17-Oct-23,892,1.021145,0.001961
17-Oct-24,892,1.019696,0.001994
17-Oct-26,892,1.009327,0.001945
17-Oct-27,892,1.029006,0.001979
17-Oct-28,892,1.017729,0.001942
17-Oct-29,892,1.019624,0.001935
17-Oct-30,892,1.019028,0.001916
17-Oct-31,892,1.015943,0.001941
17-Nov-01,892,1.032301,0.001915
17-Nov-02,892,1.014776,0.001957
17-Nov-03,892,1.013534,0.00195
17-Nov-05,892,1.005847,0.001931
17-Nov-06,892,1.012335,0.001892
17-Nov-07,892,1.012408,0.001912
17-Nov-08,892,1.010862,0.001929
17-Nov-09,892,1.004394,0.001935
17-Nov-10,892,1.005924,0.001999
17-Nov-11,892,1.037561,0.002033
17-Nov-12,892,1.020988,0.001913
17-Nov-13,892,1.026831,0.001932
17-Nov-14,892,1.009619,0.001935
17-Nov-15,892,1.0219,0.001924
17-Nov-16,892,1.010312,0.001944
17-Nov-17,892,1.020211,0.001917
17-Nov-18,892,1.008408,0.001904
17-Nov-19,892,1.015659,0.001948
17-Nov-20,892,1.016492,0.001924
17-Nov-21,892,1.019315,0.001925
17-Nov-22,892,1.017087,0.001899
17-Nov-23,892,1.014615,0.001943
17-Nov-24,892,1.00299,0.001922
17-Nov-25,892,1.000484,0.001912
17-Nov-26,892,0.998745,0.001927
17-Nov-27,892,1.012639,0.001923
17-Nov-28,892,1.013169,0.001936
17-Nov-29,892,1.01532,0.002011
17-Nov-30,892,1.035375,0.001991
17-Dec-01,892,1.00583,0.001893
17-Dec-02,892,0.998531,0.001948
17-Dec-03,892,1.000096,0.001949
17-Dec-04,892,1.009096,0.001951
17-Dec-05,892,1.006651,0.001914
17-Dec-06,892,1.005998,0.00191
17-Dec-07,892,1.012795,0.001904
17-Dec-08,892,1.011922,0.001898
17-Dec-09,892,1.007493,0.00193
17-Dec-10,892,0.997568,0.001965
17-Dec-11,892,1.016801,0.001913
17-Dec-12,892,1.007877,0.001918
17-Dec-13,892,1.00425,0.001913
17-Dec-14,892,0.993642,0.001975
17-Dec-15,892,1.005356,0.001929
17-Dec-16,892,1.013302,0.001911
17-Dec-17,892,1.015409,0.001947
17-Dec-18,892,1.027237,0.00193
17-Dec-19,892,1.015247,0.001966
17-Dec-20,892,1.020682,0.001894
17-Dec-21,892,1.021792,0.001886
17-Dec-22,892,1.009163,0.001906
17-Dec-23,892,1.0061,0.001902
17-Dec-24,892,1.001863,0.00192
17-Dec-25,892,1.013288,0.001904
17-Dec-26,892,1.011027,0.001926
17-Dec-27,892,1.003303,0.001928
17-Dec-28,892,1.010676,0.001962
17-Dec-29,892,1.011311,0.001927
17-Dec-30,892,1.017034,0.001932
17-Dec-31,892,1.003732,0.001908
18-Jan-01,892,1.013608,0.001959
18-Jan-02,892,1.012173,0.001913
18-Jan-03,892,1.013056,0.001937
18-Jan-04,892,1.013062,0.001916
18-Jan-05,892,1.008729,0.001908
18-Jan-06,892,1.002846,0.001897
18-Jan-07,892,1.0009,0.001912
18-Jan-09,892,1.010017,0.001931
18-Jan-10,892,1.01234,0.00193
18-Jan-12,892,1.013576,0.001929
18-Jan-13,892,1.025814,0.001946
18-Jan-14,892,1.023689,0.001942
18-Jan-15,892,1.003845,0.001962
18-Jan-16,892,1.00353,0.001902
18-Jan-17,892,1.011122,0.001917
18-Jan-18,892,0.987642,0.001922
18-Jan-19,892,1.003809,0.001968
18-Jan-20,892,1.006991,0.001965
18-Jan-21,892,1.036134,0.002019
18-Jan-22,892,1.007399,0.001963
18-Jan-23,892,1.011477,0.002005
18-Jan-24,892,1.011498,0.001946
18-Jan-25,892,1.007725,0.002
18-Jan-26,892,1.033597,0.001979
18-Jan-27,892,1.018172,0.001986
18-Jan-28,892,1.013685,0.001993
18-Jan-29,892,1.006489,0.001952
18-Jan-30,892,1.0123,0.001968
18-Jan-31,892,1.003325,0.001983
18-Feb-01,892,1.025314,0.002061
18-Feb-02,892,1.006459,0.002006
18-Feb-03,892,1.010836,0.001952
18-Feb-04,892,1.027353,0.001956
18-Feb-05,892,1.020727,0.002017
18-Feb-06,892,1.020491,0.002032
18-Feb-07,892,1.00313,0.001992
18-Feb-08,892,1.002074,0.001997
18-Feb-09,892,1.011204,0.001957
18-Feb-10,892,1.006813,0.001982
18-Feb-11,892,1.011824,0.002002
18-Feb-12,892,1.013675,0.001994
18-Feb-13,892,1.014046,0.001988
18-Feb-14,892,1.022451,0.002
18-Feb-15,892,1.023565,0.00205
18-Feb-16,892,1.02181,0.002032
18-Feb-17,892,1.010517,0.002018
18-Feb-18,892,1.014999,0.001979
18-Feb-19,892,1.019966,0.001983
18-Feb-20,892,1.014945,0.001965
18-Feb-21,892,1.002694,0.001951
18-Feb-22,892,1.008637,0.001959
18-Feb-23,892,1.015957,0.002116
18-Feb-24,892,1.019863,0.002003
18-Feb-25,892,1.025195,0.002004
18-Feb-26,892,1.013065,0.001978
18-Feb-27,892,1.029102,0.001988
18-Feb-28,892,1.015963,0.001975
18-Mar-01,892,1.024288,0.002033
18-Mar-02,892,1.010614,0.002014
18-Mar-03,892,1.001233,0.001975
18-Mar-04,892,1.009341,0.001935
18-Mar-05,892,1.017083,0.001965
18-Mar-06,892,0.998879,0.001986
18-Mar-07,892,1.000311,0.001995
18-Mar-08,892,1.005512,0.002019
18-Mar-09,892,1.007052,0.001995
18-Mar-10,892,1.010971,0.001954
18-Mar-11,892,1.021341,0.001982
18-Mar-12,892,1.019788,0.002008
18-Mar-13,892,1.019839,0.001982
18-Mar-14,892,1.011145,0.002002
18-Mar-15,892,1.01728,0.001999
18-Mar-16,892,1.015438,0.002001
18-Mar-17,892,1.010182,0.001996
18-Mar-18,892,1.012284,0.002001
18-Mar-19,892,1.01725,0.002011
18-Mar-20,892,1.003241,0.001987
18-Mar-21,892,1.013405,0.002004
18-Mar-22,892,1.018041,0.002022
18-Mar-23,892,1.017269,0.001984
18-Mar-24,892,1.015828,0.001983
18-Mar-26,892,1.00553,0.002118
18-Mar-27,892,0.986865,0.002048
18-Mar-28,892,1.010078,0.002031
18-Mar-29,892,1.007002,0.00202
18-Mar-30,892,1.014689,0.002018
18-Apr-01,892,1.011544,0.002007
18-Apr-02,892,1.010143,0.001995
18-Apr-03,892,1.010474,0.001997
18-Apr-04,892,1.019778,0.00203
18-Apr-05,892,1.021986,0.002029
18-Apr-06,892,1.004586,0.002042
18-Apr-07,892,1.033707,0.002032
18-Apr-08,892,1.004152,0.002013
18-Apr-09,892,1.019404,0.002021
18-Apr-10,892,1.005214,0.002015
18-Apr-11,892,1.001592,0.002031
18-Apr-12,892,1.016932,0.001994
18-Apr-13,892,1.010555,0.002067
18-Apr-14,892,0.993335,0.002054
18-Apr-15,892,1.002446,0.002061
18-Apr-16,892,0.99912,0.002015
18-Apr-17,892,1.006127,0.002036
18-Apr-18,892,1.009168,0.002043
18-Apr-19,892,1.015935,0.001982
18-Apr-20,892,1.006815,0.002016
18-Apr-21,892,1.011266,0.001989
18-Apr-22,892,1.013338,0.001989
18-Apr-23,892,1.003995,0.001952
18-Apr-24,892,0.99951,0.002021
18-Apr-25,892,0.997035,0.001987
18-Apr-26,892,1.00573,0.001982
18-Apr-27,892,1.010615,0.002098
18-Apr-28,892,1.00553,0.001992
18-Apr-29,892,1.005789,0.002006
18-Apr-30,892,1.018036,0.002
18-May-01,892,0.946038,0.002047
18-May-02,892,0.915278,0.001998
18-May-03,892,0.881204,0.002009
18-May-04,892,0.876446,0.002049
18-May-05,892,0.729202,0.001977
18-May-06,892,0.73633,0.001965
18-May-07,892,0.713581,0.001974
18-May-08,892,0.717395,0.001973
18-May-09,892,0.693166,0.001979
18-May-10,892,0.685127,0.001972
18-May-11,892,0.686232,0.001977
18-May-12,892,0.673109,0.001923
18-May-13,892,0.661591,0.002008
18-May-14,892,0.665972,0.001947
18-May-15,892,0.661766,0.001929
18-May-16,892,0.653839,0.00195
18-May-17,892,0.654259,0.00197
18-May-18,892,0.657934,0.002011
18-May-19,892,0.637811,0.001918
18-May-20,892,0.619697,0.00199
18-May-21,892,0.627032,0.001934
18-May-22,892,0.630172,0.001916
18-May-23,892,0.625851,0.001929
18-May-24,892,0.615085,0.001918
18-May-25,892,0.622183,0.001918
18-May-26,892,0.607335,0.001964
18-May-27,892,0.616355,0.001941
18-May-28,892,0.615104,0.001946
18-May-29,892,0.614036,0.001946
18-May-30,892,0.604353,0.002073
18-May-31,892,0.604013,0.001969
18-Jun-01,892,0.612703,0.001955
18-Jun-02,892,0.598902,0.001954
18-Jun-03,892,0.598572,0.001936
18-Jun-04,892,0.601286,0.001955
18-Jun-05,892,0.588595,0.001947
18-Jun-06,892,0.579958,0.001921
18-Jun-07,892,0.57674,0.001939
18-Jun-08,892,0.567724,0.00201
18-Jun-09,892,0.572607,0.001924
18-Jun-10,892,0.569945,0.001962
18-Jun-11,892,0.569485,0.001953
18-Jun-12,892,0.572974,0.001951
18-Jun-13,892,0.568405,0.001955
18-Jun-14,892,0.564279,0.001938
18-Jun-15,892,0.561556,0.001932
18-Jun-16,892,0.569931,0.001921
18-Jun-17,892,0.575074,0.00194
18-Jun-18,892,0.558417,0.001946
18-Jun-19,892,0.557076,0.001965
18-Jun-20,892,0.556306,0.001975
18-Jun-21,892,0.55717,0.001933
18-Jun-22,892,0.548846,0.001965
18-Jun-23,892,0.539864,0.002009
18-Jun-24,892,0.538089,0.001939
18-Jun-25,892,0.542346,0.001963
18-Jun-26,892,0.535776,0.001952
18-Jun-27,892,0.532852,0.001958
18-Jun-28,892,0.535476,0.00198
18-Jun-29,892,0.537517,0.001927
18-Jun-30,892,0.530321,0.001988
18-Jul-01,892,0.534196,0.001934
18-Jul-02,892,0.543768,0.001907
18-Jul-03,892,0.53446,0.001977
18-Jul-04,892,0.516674,0.001919
18-Jul-05,892,0.503583,0.001906
18-Jul-06,892,0.514772,0.002025
18-Jul-07,892,0.559188,0.002121
18-Jul-08,892,0.521303,0.001962
18-Jul-09,892,0.514948,0.001957
18-Jul-10,892,0.505442,0.00191
18-Jul-11,892,0.504614,0.001913
18-Jul-12,892,0.513977,0.001911
18-Jul-13,892,0.51142,0.001934
18-Jul-14,892,0.504385,0.001984
18-Jul-15,892,0.493751,0.001979
18-Jul-16,892,0.496189,0.001945
18-Jul-17,892,0.496841,0.00198
18-Jul-18,892,0.493602,0.002
18-Jul-19,892,0.496383,0.001967
18-Jul-20,892,0.491572,0.001938
18-Jul-21,892,0.493983,0.001974
18-Jul-22,892,0.496474,0.00217
18-Jul-23,892,0.494545,0.001984
18-Jul-24,892,0.468829,0.002053
18-Jul-25,892,0.481838,0.001932
18-Jul-26,892,0.483739,0.001938
18-Jul-27,892,0.467503,0.001945
18-Jul-28,892,0.482533,0.001994
18-Jul-29,892,0.476705,0.00199
18-Jul-30,892,0.483201,0.001999
18-Jul-31,892,0.470662,0.002051
18-Aug-01,892,0.469834,0.002013
18-Aug-02,892,0.469202,0.002031
18-Aug-03,892,0.472361,0.002031
18-Aug-04,892,0.466582,0.001964
18-Aug-05,892,0.449595,0.001891
18-Aug-06,892,0.459725,0.001924
18-Aug-07,892,0.460226,0.001969
18-Aug-08,892,0.469133,0.002004
18-Aug-09,892,0.467843,0.001933
18-Aug-10,892,0.467296,0.001933
18-Aug-11,892,0.462009,0.0019
18-Aug-12,892,0.458511,0.001931
18-Aug-13,892,0.457139,0.001982
18-Aug-14,892,0.455846,0.001985
18-Aug-15,892,0.464801,0.001895
18-Aug-16,892,0.454992,0.002015
18-Aug-17,892,0.446376,0.001981
18-Aug-18,892,0.461518,0.002004
18-Aug-19,892,0.475272,0.001984
18-Aug-20,892,0.455884,0.001946
18-Aug-21,892,0.461202,0.00193
18-Aug-22,892,0.471301,0.00203
18-Aug-23,892,0.451368,0.002055
18-Aug-24,892,0.444683,0.00197
18-Aug-25,892,0.475385,0.001988
18-Aug-26,892,0.452538,0.002009
18-Aug-27,892,0.463651,0.001944
18-Aug-28,892,0.457046,0.001934
18-Aug-29,892,0.447069,0.001977
18-Aug-30,892,0.45097,0.001908
18-Aug-31,892,0.459588,0.001896
18-Sep-01,892,0.46479,0.001923
18-Sep-02,892,0.452014,0.001957
18-Sep-03,892,0.470826,0.001946
18-Sep-04,892,0.445416,0.001901
18-Sep-05,892,0.464651,0.001923
18-Sep-06,892,0.457039,0.001974
18-Sep-07,892,0.441111,0.001968
18-Sep-08,892,0.451864,0.00194
18-Sep-09,892,0.442788,0.001998
18-Sep-10,892,0.459113,0.001916
18-Sep-11,892,0.432865,0.002024
18-Sep-12,892,0.451645,0.001997
18-Sep-13,892,0.46641,0.002067
18-Sep-14,892,0.464277,0.001978
18-Sep-15,892,0.460252,0.00197
18-Sep-16,892,0.455722,0.00198
18-Sep-17,892,0.44528,0.001942
18-Sep-18,892,0.447364,0.001972
18-Sep-19,892,0.447889,0.00192
18-Sep-20,892,0.455208,0.001978
18-Sep-21,892,0.453764,0.001967
18-Sep-22,892,0.453898,0.001938
18-Sep-23,892,0.451519,0.001894
18-Sep-24,892,0.448455,0.001971
18-Sep-25,892,0.445689,0.001995
18-Sep-26,892,0.461604,0.001939
18-Sep-27,892,0.450572,0.001985
18-Sep-28,892,0.445033,0.001946
18-Sep-29,892,0.478,0.001922
18-Sep-30,892,0.438969,0.001942
18-Oct-01,892,0.452519,0.001906
18-Oct-02,892,0.454223,0.001939
18-Oct-03,892,0.456391,0.001943
18-Oct-04,892,0.457261,0.001965
18-Oct-05,892,0.45873,0.00194
18-Oct-06,892,0.454863,0.00193
18-Oct-07,892,0.47882,0.002117
18-Oct-08,892,0.449918,0.00195
18-Oct-09,892,0.464805,0.001961
18-Oct-10,892,0.46921,0.001941
18-Oct-11,892,0.462112,0.001972
18-Oct-12,892,0.46304,0.001936
18-Oct-13,892,0.455322,0.001944
18-Oct-14,892,0.459913,0.001925
18-Oct-15,892,0.463313,0.00197
18-Oct-16,892,0.476544,0.001956
18-Oct-17,892,0.452633,0.001941
18-Oct-18,892,0.441943,0.001977
18-Oct-19,892,0.450004,0.00197
18-Oct-20,892,0.466491,0.001942
18-Oct-21,892,0.452226,0.001899
18-Oct-22,892,0.450832,0.001977
18-Oct-23,892,0.451489,0.001913
18-Oct-24,892,0.448277,0.00204
18-Oct-25,892,0.442032,0.001885
18-Oct-26,892,0.454239,0.001956
18-Oct-27,892,0.444422,0.001928
18-Oct-28,892,0.445344,0.001939
18-Oct-29,892,0.45672,0.001924
18-Oct-30,892,0.457473,0.001957
18-Oct-31,892,0.463243,0.001909
18-Nov-01,892,0.45126,0.001911
18-Nov-02,892,0.453993,0.001939
18-Nov-03,892,0.461384,0.001919
18-Nov-04,892,0.437954,0.001931
18-Nov-05,892,0.440562,0.001933
18-Nov-06,892,0.459845,0.002317
18-Nov-07,892,0.463593,0.001896
18-Nov-08,892,0.465417,0.001919
18-Nov-09,892,0.446908,0.001971
18-Nov-10,892,0.453339,0.001961
18-Nov-11,892,0.464645,0.001937
18-Nov-12,892,0.455645,0.002016
18-Nov-13,892,0.454593,0.001924
18-Nov-14,892,0.452316,0.001912
18-Nov-15,892,0.455873,0.001955
18-Nov-16,892,0.447174,0.001983
18-Nov-17,892,0.459845,0.002007
18-Nov-18,892,0.45463,0.001979
18-Nov-19,892,0.448048,0.00197
18-Nov-20,892,0.451554,0.001965
18-Nov-21,892,0.454838,0.00196
18-Nov-22,892,0.455756,0.002076
18-Nov-23,892,0.453562,0.002043
18-Nov-24,892,0.463639,0.002103
18-Nov-25,892,0.461827,0.002011
18-Nov-26,892,0.458333,0.002002
18-Nov-27,892,0.446406,0.001978
18-Nov-28,892,0.455859,0.001988
18-Nov-29,892,0.462066,0.001958
18-Nov-30,892,0.461166,0.001949
18-Dec-01,892,0.457924,0.001913
18-Dec-02,892,0.439622,0.001935
18-Dec-03,892,0.457526,0.001923
18-Dec-04,892,0.459505,0.00195
18-Dec-05,892,0.450127,0.001937
18-Dec-06,892,0.449464,0.001908
18-Dec-07,892,0.445396,0.001981
18-Dec-08,892,0.460294,0.001914
18-Dec-09,892,0.460495,0.001934
18-Dec-10,892,0.450872,0.001971
18-Dec-11,892,0.44446,0.001947
18-Dec-12,892,0.451767,0.001897
18-Dec-13,892,0.433909,0.001936
18-Dec-14,892,0.461689,0.001974
18-Dec-15,892,0.461281,0.001908
18-Dec-16,892,0.468499,0.001962
18-Dec-17,892,0.459783,0.001947
18-Dec-18,892,0.46189,0.001953
18-Dec-19,892,0.453829,0.001944
18-Dec-20,892,0.456142,0.001947
18-Dec-21,892,0.457045,0.001954
18-Dec-22,892,0.457678,0.001998
18-Dec-23,892,0.450804,0.001944
18-Dec-24,892,0.459097,0.001959
18-Dec-25,892,0.462631,0.001955
18-Dec-26,892,0.464166,0.00204
18-Dec-27,892,0.456967,0.001989
18-Dec-28,892,0.458574,0.001983
18-Dec-29,892,0.455138,0.001997
18-Dec-30,892,0.45592,0.002004
18-Dec-31,892,0.459719,0.002042
19-Jan-01,892,0.456581,0.00199
19-Jan-02,892,0.452384,0.001967
19-Jan-03,892,0.448571,0.001956
19-Jan-04,892,0.454123,0.001968
19-Jan-05,892,0.454218,0.001927
19-Jan-06,892,0.460443,0.001923
19-Jan-07,892,0.456737,0.001914
19-Jan-08,892,0.455488,0.001906
19-Jan-09,892,0.458797,0.001934
19-Jan-10,892,0.457929,0.002054
19-Jan-11,892,0.466461,0.001993
19-Jan-12,892,0.46832,0.002011
19-Jan-13,892,0.460432,0.001905
19-Jan-14,892,0.460246,0.001929
19-Jan-15,892,0.457412,0.001921
19-Jan-16,892,0.464038,0.001937
19-Jan-17,892,0.462395,0.001914
19-Jan-18,892,0.457899,0.00196
19-Jan-19,892,0.451553,0.00193
19-Jan-20,892,0.450055,0.002007
19-Jan-21,892,0.463966,0.001979
19-Jan-22,892,0.466388,0.001996
19-Jan-23,892,0.456102,0.001963
19-Jan-24,892,0.463066,0.001955
19-Jan-25,892,0.461896,0.001961
19-Jan-26,892,0.459556,0.001996
19-Jan-27,892,0.461376,0.001976
19-Jan-28,892,0.45504,0.001915
19-Jan-29,892,0.449384,0.001915
19-Jan-30,892,0.451493,0.001939
19-Jan-31,892,0.451569,0.002002
19-Feb-01,892,0.454075,0.001939
19-Feb-02,892,0.45968,0.001921
19-Feb-03,892,0.462648,0.001946
19-Feb-04,892,0.45777,0.00189
19-Feb-05,892,0.463744,0.001919
19-Feb-06,892,0.461939,0.001948
19-Feb-07,892,0.470824,0.001946
19-Feb-08,892,0.462095,0.001963
19-Feb-09,892,0.494849,0.001961
19-Feb-10,892,0.462458,0.001908
19-Feb-11,892,0.473093,0.001945
19-Feb-12,892,0.477814,0.002038
19-Feb-13,892,0.466259,0.001952
19-Feb-14,892,0.457187,0.001923
19-Feb-15,892,0.451239,0.001933
19-Feb-16,892,0.465499,0.001902
19-Feb-17,892,0.467994,0.001901
19-Feb-18,892,0.466947,0.00194
19-Feb-19,892,0.461013,0.001979
19-Feb-20,892,0.467953,0.001943
19-Feb-21,892,0.46524,0.001895
19-Feb-22,892,0.473826,0.001904
19-Feb-23,892,0.480877,0.001938
19-Feb-24,892,0.471556,0.001942
19-Feb-25,892,0.466384,0.001922
19-Feb-26,892,0.460842,0.001972
19-Feb-27,892,0.463771,0.001915
19-Feb-28,892,0.473663,0.001927
19-Mar-01,892,0.476434,0.001968
19-Mar-02,892,0.474071,0.001934
19-Mar-03,892,0.469717,0.001927
19-Mar-04,892,0.466028,0.001933
19-Mar-05,892,0.470877,0.001963
19-Mar-06,892,0.453177,0.001948
19-Mar-07,892,0.452201,0.001936
19-Mar-08,892,0.45169,0.001937
19-Mar-09,892,0.446944,0.001945
19-Mar-10,892,0.452398,0.001976
19-Mar-11,892,0.457275,0.001978
19-Mar-12,892,0.462823,0.001929
19-Mar-13,892,0.456413,0.001906
19-Mar-14,892,0.458713,0.001939
19-Mar-15,892,0.463638,0.001964
19-Mar-16,892,0.469439,0.001956
19-Mar-17,892,0.473751,0.001938
19-Mar-18,892,0.471352,0.001914
19-Mar-19,892,0.464773,0.001932
19-Mar-20,892,0.471044,0.001909
19-Mar-21,892,0.476264,0.001904
19-Mar-22,892,0.468123,0.001967
19-Mar-23,892,0.466182,0.001948
19-Mar-24,892,0.464927,0.001925
19-Mar-25,892,0.468918,0.001941
19-Mar-26,892,0.468059,0.001949
19-Mar-27,892,0.470401,0.001962
19-Mar-28,892,0.45792,0.001957
19-Mar-29,892,0.468829,0.001926
19-Mar-30,892,0.471944,0.002015
19-Mar-31,892,0.467101,0.001948
19-Apr-01,892,0.484043,0.002092
19-Apr-02,892,0.458951,0.001953
19-Apr-03,892,0.476965,0.001903
19-Apr-04,892,0.468717,0.001948
19-Apr-05,892,0.472767,0.001981
19-Apr-06,892,0.471024,0.001925
19-Apr-07,892,0.475907,0.001997
19-Apr-08,892,0.468517,0.001941
19-Apr-09,892,0.492476,0.002001
19-Apr-10,892,0.463312,0.002124
19-Apr-11,892,0.475734,0.00205
19-Apr-12,892,0.48079,0.001971
19-Apr-13,892,0.464513,0.001946
19-Apr-14,892,0.460772,0.001978
19-Apr-15,892,0.465908,0.001946
19-Apr-16,892,0.4667,0.001963
19-Apr-17,892,0.472261,0.001946
19-Apr-18,892,0.468196,0.001966
19-Apr-19,892,0.464894,0.001996
19-Apr-20,892,0.472676,0.001935
19-Apr-21,892,0.471174,0.001964
19-Apr-22,892,0.46734,0.001982
19-Apr-23,892,0.473712,0.001939
19-Apr-25,892,0.464729,0.002027
19-Apr-26,892,0.475371,0.001957
19-Apr-27,892,0.479729,0.001936
19-Apr-28,892,0.476749,0.001963
19-Apr-29,892,0.478409,0.001969
19-Apr-30,892,0.460384,0.001949
19-May-01,892,0.473003,0.001978
19-May-02,892,0.469248,0.002041
19-May-03,892,0.45789,0.002048
19-May-04,892,0.473092,0.001976
19-May-05,892,0.453283,0.002027
19-May-06,892,0.482243,0.001943
19-May-07,892,0.475215,0.001967
19-May-08,892,0.485686,0.001971
19-May-09,892,0.49025,0.001955
19-May-10,892,0.485533,0.001953
19-May-11,892,0.481826,0.001961
19-May-12,892,0.479427,0.001958
19-May-13,892,0.478288,0.001958
19-May-14,892,0.478014,0.001999
19-May-15,892,0.468159,0.001961
19-May-16,892,0.466877,0.001957
19-May-17,892,0.460407,0.001925
19-May-19,892,0.472283,0.001982
19-May-20,892,0.474385,0.001947
19-May-21,892,0.466272,0.001954
19-May-22,892,0.485909,0.001958
19-May-23,892,0.471216,0.001973
19-May-24,892,0.476141,0.001969
19-May-25,892,0.473496,0.001949
19-May-26,892,0.471498,0.001987
19-May-27,892,0.477834,0.001939
19-May-28,892,0.492617,0.00195
19-May-29,892,0.479992,0.001932
19-May-30,892,0.475646,0.001923
19-May-31,892,0.483041,0.001958
19-Jun-01,892,0.482993,0.001999
19-Jun-02,892,0.477623,0.001962
19-Jun-03,892,0.480938,0.001943
19-Jun-04,892,0.482848,0.001978
19-Jun-05,892,0.473732,0.001988
19-Jun-06,892,0.480572,0.002007
19-Jun-07,892,0.468456,0.001974
19-Jun-08,892,0.479666,0.001952
19-Jun-09,892,0.477339,0.001952
19-Jun-10,892,0.473974,0.001986
19-Jun-11,892,0.476262,0.002022
19-Jun-12,892,0.472091,0.002009
19-Jun-13,892,0.472472,0.002018
19-Jun-14,892,0.466024,0.001987
19-Jun-15,892,0.470279,0.002018